startDateTime,endDateTime,SHFMean,SHFMinimum,SHFMaximum,SHFVariance,SHFNumPts,SHFExpUncert,SHFStdErMean,SHFCalHeaterFlag,SHFCalHeaterQF,SHFCalPeriodFlag,SHFInSituCorQF,rangeFailQM,rangePassQM,rangeNAQM,persistenceFailQM,persistencePassQM,persistenceNAQM,stepFailQM,stepPassQM,stepNAQM,nullFailQM,nullPassQM,nullNAQM,gapFailQM,gapPassQM,gapNAQM,spikeFailQM,spikePassQM,spikeNAQM,SHFCalHeaterOnMetric,SHFCalHeaterOffMetric,SHFCalHeaterFailQM,SHFCalHeaterPassQM,SHFCalHeaterNAQM,SHFCalPeriodOnMetric,SHFCalPeriodOffMetric,SHFInSituCorFailQM,SHFInSituCorPassQM,SHFInSituCorNAQM,alphaQM,betaQM,finalQF,finalQFSciRvw
"2016-08-27T00:00:00Z","2016-08-27T00:30:00Z",,,,,,,,-1,-1,-1,-1,0.0000,0.0000,100.0000,0.0000,0.0000,100.0000,0.0000,0.0000,100.0000,100.0000,0.0000,0.0000,100.0000,0.0000,0.0000,0.0000,0.0000,100.0000,0.0000,0.0000,0.0000,0.0000,100.0000,0.0000,0.0000,0.0000,0.0000,100.0000,100.0000,0.0000,1,
"2016-08-27T00:30:00Z","2016-08-27T01:00:00Z",,,,,,,,-1,-1,-1,-1,0.0000,0.0000,100.0000,0.0000,0.0000,100.0000,0.0000,0.0000,100.0000,100.0000,0.0000,0.0000,100.0000,0.0000,0.0000,0.0000,0.0000,100.0000,0.0000,0.0000,0.0000,0.0000,100.0000,0.0000,0.0000,0.0000,0.0000,100.0000,100.0000,0.0000,1,
"2016-08-27T01:00:00Z","2016-08-27T01:30:00Z",,,,,,,,-1,-1,-1,-1,0.0000,0.0000,100.0000,0.0000,0.0000,100.0000,0.0000,0.0000,100.0000,100.0000,0.0000,0.0000,100.0000,0.0000,0.0000,0.0000,0.0000,100.0000,0.0000,0.0000,0.0000,0.0000,100.0000,0.0000,0.0000,0.0000,0.0000,100.0000,100.0000,0.0000,1,
"2016-08-27T01:30:00Z","2016-08-27T02:00:00Z",,,,,,,,-1,-1,-1,-1,0.0000,0.0000,100.0000,0.0000,0.0000,100.0000,0.0000,0.0000,100.0000,100.0000,0.0000,0.0000,100.0000,0.0000,0.0000,0.0000,0.0000,100.0000,0.0000,0.0000,0.0000,0.0000,100.0000,0.0000,0.0000,0.0000,0.0000,100.0000,100.0000,0.0000,1,
"2016-08-27T02:00:00Z","2016-08-27T02:30:00Z",,,,,,,,-1,-1,-1,-1,0.0000,0.0000,100.0000,0.0000,0.0000,100.0000,0.0000,0.0000,100.0000,100.0000,0.0000,0.0000,100.0000,0.0000,0.0000,0.0000,0.0000,100.0000,0.0000,0.0000,0.0000,0.0000,100.0000,0.0000,0.0000,0.0000,0.0000,100.0000,100.0000,0.0000,1,
"2016-08-27T02:30:00Z","2016-08-27T03:00:00Z",,,,,,,,-1,-1,-1,-1,0.0000,0.0000,100.0000,0.0000,0.0000,100.0000,0.0000,0.0000,100.0000,100.0000,0.0000,0.0000,100.0000,0.0000,0.0000,0.0000,0.0000,100.0000,0.0000,0.0000,0.0000,0.0000,100.0000,0.0000,0.0000,0.0000,0.0000,100.0000,100.0000,0.0000,1,
"2016-08-27T03:00:00Z","2016-08-27T03:30:00Z",,,,,,,,-1,-1,-1,-1,0.0000,0.0000,100.0000,0.0000,0.0000,100.0000,0.0000,0.0000,100.0000,100.0000,0.0000,0.0000,100.0000,0.0000,0.0000,0.0000,0.0000,100.0000,0.0000,0.0000,0.0000,0.0000,100.0000,0.0000,0.0000,0.0000,0.0000,100.0000,100.0000,0.0000,1,
"2016-08-27T03:30:00Z","2016-08-27T04:00:00Z",,,,,,,,-1,-1,-1,-1,0.0000,0.0000,100.0000,0.0000,0.0000,100.0000,0.0000,0.0000,100.0000,100.0000,0.0000,0.0000,100.0000,0.0000,0.0000,0.0000,0.0000,100.0000,0.0000,0.0000,0.0000,0.0000,100.0000,0.0000,0.0000,0.0000,0.0000,100.0000,100.0000,0.0000,1,
"2016-08-27T04:00:00Z","2016-08-27T04:30:00Z",,,,,,,,-1,-1,-1,-1,0.0000,0.0000,100.0000,0.0000,0.0000,100.0000,0.0000,0.0000,100.0000,100.0000,0.0000,0.0000,100.0000,0.0000,0.0000,0.0000,0.0000,100.0000,0.0000,0.0000,0.0000,0.0000,100.0000,0.0000,0.0000,0.0000,0.0000,100.0000,100.0000,0.0000,1,
"2016-08-27T04:30:00Z","2016-08-27T05:00:00Z",,,,,,,,-1,-1,-1,-1,0.0000,0.0000,100.0000,0.0000,0.0000,100.0000,0.0000,0.0000,100.0000,100.0000,0.0000,0.0000,100.0000,0.0000,0.0000,0.0000,0.0000,100.0000,0.0000,0.0000,0.0000,0.0000,100.0000,0.0000,0.0000,0.0000,0.0000,100.0000,100.0000,0.0000,1,
"2016-08-27T05:00:00Z","2016-08-27T05:30:00Z",,,,,,,,-1,-1,-1,-1,0.0000,0.0000,100.0000,0.0000,0.0000,100.0000,0.0000,0.0000,100.0000,100.0000,0.0000,0.0000,100.0000,0.0000,0.0000,0.0000,0.0000,100.0000,0.0000,0.0000,0.0000,0.0000,100.0000,0.0000,0.0000,0.0000,0.0000,100.0000,100.0000,0.0000,1,
"2016-08-27T05:30:00Z","2016-08-27T06:00:00Z",,,,,,,,-1,-1,-1,-1,0.0000,0.0000,100.0000,0.0000,0.0000,100.0000,0.0000,0.0000,100.0000,100.0000,0.0000,0.0000,100.0000,0.0000,0.0000,0.0000,0.0000,100.0000,0.0000,0.0000,0.0000,0.0000,100.0000,0.0000,0.0000,0.0000,0.0000,100.0000,100.0000,0.0000,1,
"2016-08-27T06:00:00Z","2016-08-27T06:30:00Z",,,,,,,,-1,-1,-1,-1,0.0000,0.0000,100.0000,0.0000,0.0000,100.0000,0.0000,0.0000,100.0000,100.0000,0.0000,0.0000,100.0000,0.0000,0.0000,0.0000,0.0000,100.0000,0.0000,0.0000,0.0000,0.0000,100.0000,0.0000,0.0000,0.0000,0.0000,100.0000,100.0000,0.0000,1,
"2016-08-27T06:30:00Z","2016-08-27T07:00:00Z",,,,,,,,-1,-1,-1,-1,0.0000,0.0000,100.0000,0.0000,0.0000,100.0000,0.0000,0.0000,100.0000,100.0000,0.0000,0.0000,100.0000,0.0000,0.0000,0.0000,0.0000,100.0000,0.0000,0.0000,0.0000,0.0000,100.0000,0.0000,0.0000,0.0000,0.0000,100.0000,100.0000,0.0000,1,
"2016-08-27T07:00:00Z","2016-08-27T07:30:00Z",,,,,,,,-1,-1,-1,-1,0.0000,0.0000,100.0000,0.0000,0.0000,100.0000,0.0000,0.0000,100.0000,100.0000,0.0000,0.0000,100.0000,0.0000,0.0000,0.0000,0.0000,100.0000,0.0000,0.0000,0.0000,0.0000,100.0000,0.0000,0.0000,0.0000,0.0000,100.0000,100.0000,0.0000,1,
"2016-08-27T07:30:00Z","2016-08-27T08:00:00Z",,,,,,,,-1,-1,-1,-1,0.0000,0.0000,100.0000,0.0000,0.0000,100.0000,0.0000,0.0000,100.0000,100.0000,0.0000,0.0000,100.0000,0.0000,0.0000,0.0000,0.0000,100.0000,0.0000,0.0000,0.0000,0.0000,100.0000,0.0000,0.0000,0.0000,0.0000,100.0000,100.0000,0.0000,1,
"2016-08-27T08:00:00Z","2016-08-27T08:30:00Z",,,,,,,,-1,-1,-1,-1,0.0000,0.0000,100.0000,0.0000,0.0000,100.0000,0.0000,0.0000,100.0000,100.0000,0.0000,0.0000,100.0000,0.0000,0.0000,0.0000,0.0000,100.0000,0.0000,0.0000,0.0000,0.0000,100.0000,0.0000,0.0000,0.0000,0.0000,100.0000,100.0000,0.0000,1,
"2016-08-27T08:30:00Z","2016-08-27T09:00:00Z",,,,,,,,-1,-1,-1,-1,0.0000,0.0000,100.0000,0.0000,0.0000,100.0000,0.0000,0.0000,100.0000,100.0000,0.0000,0.0000,100.0000,0.0000,0.0000,0.0000,0.0000,100.0000,0.0000,0.0000,0.0000,0.0000,100.0000,0.0000,0.0000,0.0000,0.0000,100.0000,100.0000,0.0000,1,
"2016-08-27T09:00:00Z","2016-08-27T09:30:00Z",,,,,,,,-1,-1,-1,-1,0.0000,0.0000,100.0000,0.0000,0.0000,100.0000,0.0000,0.0000,100.0000,100.0000,0.0000,0.0000,100.0000,0.0000,0.0000,0.0000,0.0000,100.0000,0.0000,0.0000,0.0000,0.0000,100.0000,0.0000,0.0000,0.0000,0.0000,100.0000,100.0000,0.0000,1,
"2016-08-27T09:30:00Z","2016-08-27T10:00:00Z",,,,,,,,-1,-1,-1,-1,0.0000,0.0000,100.0000,0.0000,0.0000,100.0000,0.0000,0.0000,100.0000,100.0000,0.0000,0.0000,100.0000,0.0000,0.0000,0.0000,0.0000,100.0000,0.0000,0.0000,0.0000,0.0000,100.0000,0.0000,0.0000,0.0000,0.0000,100.0000,100.0000,0.0000,1,
"2016-08-27T10:00:00Z","2016-08-27T10:30:00Z",,,,,,,,-1,-1,-1,-1,0.0000,0.0000,100.0000,0.0000,0.0000,100.0000,0.0000,0.0000,100.0000,100.0000,0.0000,0.0000,100.0000,0.0000,0.0000,0.0000,0.0000,100.0000,0.0000,0.0000,0.0000,0.0000,100.0000,0.0000,0.0000,0.0000,0.0000,100.0000,100.0000,0.0000,1,
"2016-08-27T10:30:00Z","2016-08-27T11:00:00Z",,,,,,,,-1,-1,-1,-1,0.0000,0.0000,100.0000,0.0000,0.0000,100.0000,0.0000,0.0000,100.0000,100.0000,0.0000,0.0000,100.0000,0.0000,0.0000,0.0000,0.0000,100.0000,0.0000,0.0000,0.0000,0.0000,100.0000,0.0000,0.0000,0.0000,0.0000,100.0000,100.0000,0.0000,1,
"2016-08-27T11:00:00Z","2016-08-27T11:30:00Z",,,,,,,,-1,-1,-1,-1,0.0000,0.0000,100.0000,0.0000,0.0000,100.0000,0.0000,0.0000,100.0000,100.0000,0.0000,0.0000,100.0000,0.0000,0.0000,0.0000,0.0000,100.0000,0.0000,0.0000,0.0000,0.0000,100.0000,0.0000,0.0000,0.0000,0.0000,100.0000,100.0000,0.0000,1,
"2016-08-27T11:30:00Z","2016-08-27T12:00:00Z",,,,,,,,-1,-1,-1,-1,0.0000,0.0000,100.0000,0.0000,0.0000,100.0000,0.0000,0.0000,100.0000,100.0000,0.0000,0.0000,100.0000,0.0000,0.0000,0.0000,0.0000,100.0000,0.0000,0.0000,0.0000,0.0000,100.0000,0.0000,0.0000,0.0000,0.0000,100.0000,100.0000,0.0000,1,
"2016-08-27T12:00:00Z","2016-08-27T12:30:00Z",,,,,,,,-1,-1,-1,-1,0.0000,0.0000,100.0000,0.0000,0.0000,100.0000,0.0000,0.0000,100.0000,100.0000,0.0000,0.0000,100.0000,0.0000,0.0000,0.0000,0.0000,100.0000,0.0000,0.0000,0.0000,0.0000,100.0000,0.0000,0.0000,0.0000,0.0000,100.0000,100.0000,0.0000,1,
"2016-08-27T12:30:00Z","2016-08-27T13:00:00Z",,,,,,,,-1,-1,-1,-1,0.0000,0.0000,100.0000,0.0000,0.0000,100.0000,0.0000,0.0000,100.0000,100.0000,0.0000,0.0000,100.0000,0.0000,0.0000,0.0000,0.0000,100.0000,0.0000,0.0000,0.0000,0.0000,100.0000,0.0000,0.0000,0.0000,0.0000,100.0000,100.0000,0.0000,1,
"2016-08-27T13:00:00Z","2016-08-27T13:30:00Z",,,,,,,,-1,-1,-1,-1,0.0000,0.0000,100.0000,0.0000,0.0000,100.0000,0.0000,0.0000,100.0000,100.0000,0.0000,0.0000,100.0000,0.0000,0.0000,0.0000,0.0000,100.0000,0.0000,0.0000,0.0000,0.0000,100.0000,0.0000,0.0000,0.0000,0.0000,100.0000,100.0000,0.0000,1,
"2016-08-27T13:30:00Z","2016-08-27T14:00:00Z",,,,,,,,-1,-1,-1,-1,0.0000,0.0000,100.0000,0.0000,0.0000,100.0000,0.0000,0.0000,100.0000,100.0000,0.0000,0.0000,100.0000,0.0000,0.0000,0.0000,0.0000,100.0000,0.0000,0.0000,0.0000,0.0000,100.0000,0.0000,0.0000,0.0000,0.0000,100.0000,100.0000,0.0000,1,
"2016-08-27T14:00:00Z","2016-08-27T14:30:00Z",,,,,,,,-1,-1,-1,-1,0.0000,0.0000,100.0000,0.0000,0.0000,100.0000,0.0000,0.0000,100.0000,100.0000,0.0000,0.0000,100.0000,0.0000,0.0000,0.0000,0.0000,100.0000,0.0000,0.0000,0.0000,0.0000,100.0000,0.0000,0.0000,0.0000,0.0000,100.0000,100.0000,0.0000,1,
"2016-08-27T14:30:00Z","2016-08-27T15:00:00Z",,,,,,,,-1,-1,-1,-1,0.0000,0.0000,100.0000,0.0000,0.0000,100.0000,0.0000,0.0000,100.0000,100.0000,0.0000,0.0000,100.0000,0.0000,0.0000,0.0000,0.0000,100.0000,0.0000,0.0000,0.0000,0.0000,100.0000,0.0000,0.0000,0.0000,0.0000,100.0000,100.0000,0.0000,1,
"2016-08-27T15:00:00Z","2016-08-27T15:30:00Z",,,,,,,,-1,-1,-1,-1,0.0000,0.0000,100.0000,0.0000,0.0000,100.0000,0.0000,0.0000,100.0000,100.0000,0.0000,0.0000,100.0000,0.0000,0.0000,0.0000,0.0000,100.0000,0.0000,0.0000,0.0000,0.0000,100.0000,0.0000,0.0000,0.0000,0.0000,100.0000,100.0000,0.0000,1,
"2016-08-27T15:30:00Z","2016-08-27T16:00:00Z",,,,,,,,-1,-1,-1,-1,0.0000,0.0000,100.0000,0.0000,0.0000,100.0000,0.0000,0.0000,100.0000,100.0000,0.0000,0.0000,100.0000,0.0000,0.0000,0.0000,0.0000,100.0000,0.0000,0.0000,0.0000,0.0000,100.0000,0.0000,0.0000,0.0000,0.0000,100.0000,100.0000,0.0000,1,
"2016-08-27T16:00:00Z","2016-08-27T16:30:00Z",,,,,,,,-1,-1,-1,-1,0.0000,0.0000,100.0000,0.0000,0.0000,100.0000,0.0000,0.0000,100.0000,100.0000,0.0000,0.0000,100.0000,0.0000,0.0000,0.0000,0.0000,100.0000,0.0000,0.0000,0.0000,0.0000,100.0000,0.0000,0.0000,0.0000,0.0000,100.0000,100.0000,0.0000,1,
"2016-08-27T16:30:00Z","2016-08-27T17:00:00Z",,,,,,,,-1,-1,-1,-1,0.0000,0.0000,100.0000,0.0000,0.0000,100.0000,0.0000,0.0000,100.0000,100.0000,0.0000,0.0000,100.0000,0.0000,0.0000,0.0000,0.0000,100.0000,0.0000,0.0000,0.0000,0.0000,100.0000,0.0000,0.0000,0.0000,0.0000,100.0000,100.0000,0.0000,1,
"2016-08-27T17:00:00Z","2016-08-27T17:30:00Z",,,,,,,,-1,-1,-1,-1,0.0000,0.0000,100.0000,0.0000,0.0000,100.0000,0.0000,0.0000,100.0000,100.0000,0.0000,0.0000,100.0000,0.0000,0.0000,0.0000,0.0000,100.0000,0.0000,0.0000,0.0000,0.0000,100.0000,0.0000,0.0000,0.0000,0.0000,100.0000,100.0000,0.0000,1,
"2016-08-27T17:30:00Z","2016-08-27T18:00:00Z",,,,,,,,-1,-1,-1,-1,0.0000,0.0000,100.0000,0.0000,0.0000,100.0000,0.0000,0.0000,100.0000,100.0000,0.0000,0.0000,100.0000,0.0000,0.0000,0.0000,0.0000,100.0000,0.0000,0.0000,0.0000,0.0000,100.0000,0.0000,0.0000,0.0000,0.0000,100.0000,100.0000,0.0000,1,
"2016-08-27T18:00:00Z","2016-08-27T18:30:00Z",,,,,,,,-1,-1,-1,-1,0.0000,0.0000,100.0000,0.0000,0.0000,100.0000,0.0000,0.0000,100.0000,100.0000,0.0000,0.0000,100.0000,0.0000,0.0000,0.0000,0.0000,100.0000,0.0000,0.0000,0.0000,0.0000,100.0000,0.0000,0.0000,0.0000,0.0000,100.0000,100.0000,0.0000,1,
"2016-08-27T18:30:00Z","2016-08-27T19:00:00Z",,,,,,,,-1,-1,-1,-1,0.0000,0.0000,100.0000,0.0000,0.0000,100.0000,0.0000,0.0000,100.0000,100.0000,0.0000,0.0000,100.0000,0.0000,0.0000,0.0000,0.0000,100.0000,0.0000,0.0000,0.0000,0.0000,100.0000,0.0000,0.0000,0.0000,0.0000,100.0000,100.0000,0.0000,1,
"2016-08-27T19:00:00Z","2016-08-27T19:30:00Z",,,,,,,,-1,-1,-1,-1,0.0000,0.0000,100.0000,0.0000,0.0000,100.0000,0.0000,0.0000,100.0000,100.0000,0.0000,0.0000,100.0000,0.0000,0.0000,0.0000,0.0000,100.0000,0.0000,0.0000,0.0000,0.0000,100.0000,0.0000,0.0000,0.0000,0.0000,100.0000,100.0000,0.0000,1,
"2016-08-27T19:30:00Z","2016-08-27T20:00:00Z",,,,,,,,-1,-1,-1,-1,0.0000,0.0000,100.0000,0.0000,0.0000,100.0000,0.0000,0.0000,100.0000,100.0000,0.0000,0.0000,100.0000,0.0000,0.0000,0.0000,0.0000,100.0000,0.0000,0.0000,0.0000,0.0000,100.0000,0.0000,0.0000,0.0000,0.0000,100.0000,100.0000,0.0000,1,
"2016-08-27T20:00:00Z","2016-08-27T20:30:00Z",,,,,,,,-1,-1,-1,-1,0.0000,0.0000,100.0000,0.0000,0.0000,100.0000,0.0000,0.0000,100.0000,100.0000,0.0000,0.0000,100.0000,0.0000,0.0000,0.0000,0.0000,100.0000,0.0000,0.0000,0.0000,0.0000,100.0000,0.0000,0.0000,0.0000,0.0000,100.0000,100.0000,0.0000,1,
"2016-08-27T20:30:00Z","2016-08-27T21:00:00Z",,,,,,,,-1,-1,-1,-1,0.0000,0.0000,100.0000,0.0000,0.0000,100.0000,0.0000,0.0000,100.0000,24.0000,76.0000,0.0000,24.0000,76.0000,0.0000,0.0000,0.0000,100.0000,0.0000,0.0000,0.0000,0.0000,100.0000,0.0000,0.0000,0.0000,0.0000,100.0000,24.0000,76.0000,1,
"2016-08-27T21:00:00Z","2016-08-27T21:30:00Z",,,,,,,,-1,-1,-1,-1,0.0000,0.0000,100.0000,0.0000,0.0000,100.0000,0.0000,0.0000,100.0000,0.0000,100.0000,0.0000,0.0000,100.0000,0.0000,0.0000,0.0000,100.0000,0.0000,0.0000,0.0000,0.0000,100.0000,0.0000,0.0000,0.0000,0.0000,100.0000,0.0000,100.0000,1,
"2016-08-27T21:30:00Z","2016-08-27T22:00:00Z",,,,,,,,-1,-1,-1,-1,0.0000,0.0000,100.0000,0.0000,0.0000,100.0000,0.0000,0.0000,100.0000,0.0000,100.0000,0.0000,0.0000,100.0000,0.0000,0.0000,0.0000,100.0000,0.0000,0.0000,0.0000,0.0000,100.0000,0.0000,0.0000,0.0000,0.0000,100.0000,0.0000,100.0000,1,
"2016-08-27T22:00:00Z","2016-08-27T22:30:00Z",,,,,,,,-1,-1,-1,-1,0.0000,0.0000,100.0000,0.0000,0.0000,100.0000,0.0000,0.0000,100.0000,0.0000,100.0000,0.0000,0.0000,100.0000,0.0000,0.0000,0.0000,100.0000,0.0000,0.0000,0.0000,0.0000,100.0000,0.0000,0.0000,0.0000,0.0000,100.0000,0.0000,100.0000,1,
"2016-08-27T22:30:00Z","2016-08-27T23:00:00Z",,,,,,,,-1,-1,-1,-1,0.0000,0.0000,100.0000,0.0000,0.0000,100.0000,0.0000,0.0000,100.0000,0.0000,100.0000,0.0000,0.0000,100.0000,0.0000,0.0000,0.0000,100.0000,0.0000,0.0000,0.0000,0.0000,100.0000,0.0000,0.0000,0.0000,0.0000,100.0000,0.0000,100.0000,1,
"2016-08-27T23:00:00Z","2016-08-27T23:30:00Z",,,,,,,,-1,-1,-1,-1,0.0000,0.0000,100.0000,0.0000,0.0000,100.0000,0.0000,0.0000,100.0000,0.0000,100.0000,0.0000,0.0000,100.0000,0.0000,0.0000,0.0000,100.0000,0.0000,0.0000,0.0000,0.0000,100.0000,0.0000,0.0000,0.0000,0.0000,100.0000,0.0000,100.0000,1,
"2016-08-27T23:30:00Z","2016-08-28T00:00:00Z",,,,,,,,-1,-1,-1,-1,0.0000,0.0000,100.0000,0.0000,0.0000,100.0000,0.0000,0.0000,100.0000,0.0000,100.0000,0.0000,0.0000,100.0000,0.0000,0.0000,0.0000,100.0000,0.0000,0.0000,0.0000,0.0000,100.0000,0.0000,0.0000,0.0000,0.0000,100.0000,0.0000,100.0000,1,
"2016-08-28T00:00:00Z","2016-08-28T00:30:00Z",27.929,22.029,34.250,13.004,180,0.995,0.269,-1,-1,-1,-1,0.0000,100.0000,0.0000,0.0000,100.0000,0.0000,0.0000,100.0000,0.0000,0.0000,100.0000,0.0000,0.0000,100.0000,0.0000,0.0000,100.0000,0.0000,0.0000,0.0000,0.0000,0.0000,100.0000,0.0000,0.0000,0.0000,0.0000,100.0000,0.0000,100.0000,1,
"2016-08-28T00:30:00Z","2016-08-28T01:00:00Z",17.213,12.749,21.961,7.102,180,0.652,0.199,-1,-1,-1,-1,0.0000,100.0000,0.0000,0.0000,100.0000,0.0000,0.0000,100.0000,0.0000,0.0000,100.0000,0.0000,0.0000,100.0000,0.0000,0.0000,100.0000,0.0000,0.0000,0.0000,0.0000,0.0000,100.0000,0.0000,0.0000,0.0000,0.0000,100.0000,0.0000,100.0000,1,
"2016-08-28T01:00:00Z","2016-08-28T01:30:00Z",8.476,4.339,12.708,5.977,180,0.444,0.182,-1,-1,-1,-1,0.0000,100.0000,0.0000,0.0000,100.0000,0.0000,0.0000,100.0000,0.0000,0.0000,100.0000,0.0000,0.0000,100.0000,0.0000,0.0000,100.0000,0.0000,0.0000,0.0000,0.0000,0.0000,100.0000,0.0000,0.0000,0.0000,0.0000,100.0000,0.0000,100.0000,1,
"2016-08-28T01:30:00Z","2016-08-28T02:00:00Z",0.837,-2.486,4.291,3.795,180,0.291,0.145,-1,-1,-1,-1,0.0000,100.0000,0.0000,0.0000,100.0000,0.0000,0.0000,100.0000,0.0000,0.0000,100.0000,0.0000,0.0000,100.0000,0.0000,0.0000,100.0000,0.0000,0.0000,0.0000,0.0000,0.0000,100.0000,0.0000,0.0000,0.0000,0.0000,100.0000,0.0000,100.0000,1,
"2016-08-28T02:00:00Z","2016-08-28T02:30:00Z",-5.558,-8.303,-2.535,2.800,180,0.300,0.125,-1,-1,-1,-1,0.0000,100.0000,0.0000,0.0000,100.0000,0.0000,0.0000,100.0000,0.0000,0.0000,100.0000,0.0000,0.0000,100.0000,0.0000,0.0000,100.0000,0.0000,0.0000,0.0000,0.0000,0.0000,100.0000,0.0000,0.0000,0.0000,0.0000,100.0000,0.0000,100.0000,1,
"2016-08-28T02:30:00Z","2016-08-28T03:00:00Z",-10.709,-13.013,-8.332,1.874,180,0.381,0.102,-1,-1,-1,-1,0.0000,100.0000,0.0000,0.0000,100.0000,0.0000,0.0000,100.0000,0.0000,0.0000,100.0000,0.0000,0.0000,100.0000,0.0000,0.0000,100.0000,0.0000,0.0000,0.0000,0.0000,0.0000,100.0000,0.0000,0.0000,0.0000,0.0000,100.0000,0.0000,100.0000,1,
"2016-08-28T03:00:00Z","2016-08-28T03:30:00Z",-15.117,-17.055,-13.042,1.371,180,0.486,0.087,-1,-1,-1,-1,0.0000,100.0000,0.0000,0.0000,100.0000,0.0000,0.0000,100.0000,0.0000,0.0000,100.0000,0.0000,0.0000,100.0000,0.0000,0.0000,100.0000,0.0000,0.0000,0.0000,0.0000,0.0000,100.0000,0.0000,0.0000,0.0000,0.0000,100.0000,0.0000,100.0000,1,
"2016-08-28T03:30:00Z","2016-08-28T04:00:00Z",-18.178,-18.949,-17.076,0.280,180,0.551,0.039,-1,-1,-1,-1,0.0000,100.0000,0.0000,0.0000,100.0000,0.0000,0.0000,100.0000,0.0000,0.0000,100.0000,0.0000,0.0000,100.0000,0.0000,0.0000,100.0000,0.0000,0.0000,0.0000,0.0000,0.0000,100.0000,0.0000,0.0000,0.0000,0.0000,100.0000,0.0000,100.0000,1,
"2016-08-28T04:00:00Z","2016-08-28T04:30:00Z",-19.512,-20.175,-18.954,0.127,180,0.588,0.027,-1,-1,-1,-1,0.0000,100.0000,0.0000,0.0000,100.0000,0.0000,0.0000,100.0000,0.0000,0.0000,100.0000,0.0000,0.0000,100.0000,0.0000,0.0000,100.0000,0.0000,0.0000,0.0000,0.0000,0.0000,100.0000,0.0000,0.0000,0.0000,0.0000,100.0000,0.0000,100.0000,1,
"2016-08-28T04:30:00Z","2016-08-28T05:00:00Z",-21.010,-21.978,-20.177,0.287,180,0.635,0.040,-1,-1,-1,-1,0.0000,100.0000,0.0000,0.0000,100.0000,0.0000,0.0000,100.0000,0.0000,0.0000,100.0000,0.0000,0.0000,100.0000,0.0000,0.0000,100.0000,0.0000,0.0000,0.0000,0.0000,0.0000,100.0000,0.0000,0.0000,0.0000,0.0000,100.0000,0.0000,100.0000,1,
"2016-08-28T05:00:00Z","2016-08-28T05:30:00Z",-22.987,-24.025,-21.975,0.359,180,0.695,0.045,-1,-1,-1,-1,0.0000,100.0000,0.0000,0.0000,100.0000,0.0000,0.0000,100.0000,0.0000,0.0000,100.0000,0.0000,0.0000,100.0000,0.0000,0.0000,100.0000,0.0000,0.0000,0.0000,0.0000,0.0000,100.0000,0.0000,0.0000,0.0000,0.0000,100.0000,0.0000,100.0000,1,
"2016-08-28T05:30:00Z","2016-08-28T06:00:00Z",-24.899,-25.641,-24.044,0.213,180,0.750,0.034,-1,-1,-1,-1,0.0000,100.0000,0.0000,0.0000,100.0000,0.0000,0.0000,100.0000,0.0000,0.0000,100.0000,0.0000,0.0000,100.0000,0.0000,0.0000,100.0000,0.0000,0.0000,0.0000,0.0000,0.0000,100.0000,0.0000,0.0000,0.0000,0.0000,100.0000,0.0000,100.0000,1,
"2016-08-28T06:00:00Z","2016-08-28T06:30:00Z",-26.146,-26.586,-25.646,0.072,180,0.785,0.020,-1,-1,-1,-1,0.0000,100.0000,0.0000,0.0000,100.0000,0.0000,0.0000,100.0000,0.0000,0.0000,100.0000,0.0000,0.0000,100.0000,0.0000,0.0000,100.0000,0.0000,0.0000,0.0000,0.0000,0.0000,100.0000,0.0000,0.0000,0.0000,0.0000,100.0000,0.0000,100.0000,1,
"2016-08-28T06:30:00Z","2016-08-28T07:00:00Z",-26.927,-27.242,-26.564,0.040,180,0.808,0.015,-1,-1,-1,-1,0.0000,100.0000,0.0000,0.0000,100.0000,0.0000,0.0000,100.0000,0.0000,0.0000,100.0000,0.0000,0.0000,100.0000,0.0000,0.0000,100.0000,0.0000,0.0000,0.0000,0.0000,0.0000,100.0000,0.0000,0.0000,0.0000,0.0000,100.0000,0.0000,100.0000,1,
"2016-08-28T07:00:00Z","2016-08-28T07:30:00Z",-27.432,-27.632,-27.237,0.011,180,0.823,0.008,-1,-1,-1,-1,0.0000,100.0000,0.0000,0.0000,100.0000,0.0000,0.0000,100.0000,0.0000,0.0000,100.0000,0.0000,0.0000,100.0000,0.0000,0.0000,100.0000,0.0000,0.0000,0.0000,0.0000,0.0000,100.0000,0.0000,0.0000,0.0000,0.0000,100.0000,0.0000,100.0000,1,
"2016-08-28T07:30:00Z","2016-08-28T08:00:00Z",-27.954,-28.296,-27.627,0.039,180,0.839,0.015,-1,-1,-1,-1,0.0000,100.0000,0.0000,0.0000,100.0000,0.0000,0.0000,100.0000,0.0000,0.0000,100.0000,0.0000,0.0000,100.0000,0.0000,0.0000,100.0000,0.0000,0.0000,0.0000,0.0000,0.0000,100.0000,0.0000,0.0000,0.0000,0.0000,100.0000,0.0000,100.0000,1,
"2016-08-28T08:00:00Z","2016-08-28T08:30:00Z",-28.475,-28.667,-28.296,0.009,180,0.854,0.007,-1,-1,-1,-1,0.0000,100.0000,0.0000,0.0000,100.0000,0.0000,0.0000,100.0000,0.0000,0.0000,100.0000,0.0000,0.0000,100.0000,0.0000,0.0000,100.0000,0.0000,0.0000,0.0000,0.0000,0.0000,100.0000,0.0000,0.0000,0.0000,0.0000,100.0000,0.0000,100.0000,1,
"2016-08-28T08:30:00Z","2016-08-28T09:00:00Z",-28.983,-29.231,-28.652,0.032,180,0.870,0.013,-1,-1,-1,-1,0.0000,100.0000,0.0000,0.0000,100.0000,0.0000,0.0000,100.0000,0.0000,0.0000,100.0000,0.0000,0.0000,100.0000,0.0000,0.0000,100.0000,0.0000,0.0000,0.0000,0.0000,0.0000,100.0000,0.0000,0.0000,0.0000,0.0000,100.0000,0.0000,100.0000,1,
"2016-08-28T09:00:00Z","2016-08-28T09:30:00Z",-29.244,-29.268,-29.214,0.000,180,0.877,0.001,-1,-1,-1,-1,0.0000,100.0000,0.0000,0.0000,100.0000,0.0000,0.0000,100.0000,0.0000,0.0000,100.0000,0.0000,0.0000,100.0000,0.0000,0.0000,100.0000,0.0000,0.0000,0.0000,0.0000,0.0000,100.0000,0.0000,0.0000,0.0000,0.0000,100.0000,0.0000,100.0000,1,
"2016-08-28T09:30:00Z","2016-08-28T10:00:00Z",-29.156,-29.239,-29.071,0.003,180,0.875,0.004,-1,-1,-1,-1,0.0000,100.0000,0.0000,0.0000,100.0000,0.0000,0.0000,100.0000,0.0000,0.0000,100.0000,0.0000,0.0000,100.0000,0.0000,0.0000,100.0000,0.0000,0.0000,0.0000,0.0000,0.0000,100.0000,0.0000,0.0000,0.0000,0.0000,100.0000,0.0000,100.0000,1,
"2016-08-28T10:00:00Z","2016-08-28T10:30:00Z",-29.045,-29.108,-28.914,0.003,180,0.871,0.004,-1,-1,-1,-1,0.0000,100.0000,0.0000,0.0000,100.0000,0.0000,0.0000,100.0000,0.0000,0.0000,100.0000,0.0000,0.0000,100.0000,0.0000,0.0000,100.0000,0.0000,0.0000,0.0000,0.0000,0.0000,100.0000,0.0000,0.0000,0.0000,0.0000,100.0000,0.0000,100.0000,1,
"2016-08-28T10:30:00Z","2016-08-28T11:00:00Z",-28.705,-28.923,-28.548,0.012,180,0.861,0.008,-1,-1,-1,-1,0.0000,100.0000,0.0000,0.0000,100.0000,0.0000,0.0000,100.0000,0.0000,0.0000,100.0000,0.0000,0.0000,100.0000,0.0000,0.0000,100.0000,0.0000,0.0000,0.0000,0.0000,0.0000,100.0000,0.0000,0.0000,0.0000,0.0000,100.0000,0.0000,100.0000,1,
"2016-08-28T11:00:00Z","2016-08-28T11:30:00Z",-28.540,-28.618,-28.497,0.001,180,0.856,0.002,-1,-1,-1,-1,0.0000,100.0000,0.0000,0.0000,100.0000,0.0000,0.0000,100.0000,0.0000,0.0000,100.0000,0.0000,0.0000,100.0000,0.0000,0.0000,100.0000,0.0000,0.0000,0.0000,0.0000,0.0000,100.0000,0.0000,0.0000,0.0000,0.0000,100.0000,0.0000,100.0000,1,
"2016-08-28T11:30:00Z","2016-08-28T12:00:00Z",-28.679,-28.831,-28.599,0.003,180,0.860,0.004,-1,-1,-1,-1,0.0000,100.0000,0.0000,0.0000,100.0000,0.0000,0.0000,100.0000,0.0000,0.0000,100.0000,0.0000,0.0000,100.0000,0.0000,0.0000,100.0000,0.0000,0.0000,0.0000,0.0000,0.0000,100.0000,0.0000,0.0000,0.0000,0.0000,100.0000,0.0000,100.0000,1,
"2016-08-28T12:00:00Z","2016-08-28T12:30:00Z",-28.797,-28.873,-28.650,0.004,180,0.864,0.005,-1,-1,-1,-1,0.0000,100.0000,0.0000,0.0000,100.0000,0.0000,0.0000,100.0000,0.0000,0.0000,100.0000,0.0000,0.0000,100.0000,0.0000,0.0000,100.0000,0.0000,0.0000,0.0000,0.0000,0.0000,100.0000,0.0000,0.0000,0.0000,0.0000,100.0000,0.0000,100.0000,1,
"2016-08-28T12:30:00Z","2016-08-28T13:00:00Z",-29.398,-30.116,-28.558,0.554,77,0.901,0.085,1,0,1,0,0.0000,43.0000,57.0000,0.0000,100.0000,0.0000,0.0000,43.0000,57.0000,0.0000,100.0000,0.0000,0.0000,100.0000,0.0000,0.0000,43.0000,57.0000,10.0000,70.0000,0.0000,23.0000,77.0000,57.0000,23.0000,0.0000,23.0000,77.0000,57.0000,77.0000,1,
"2016-08-28T13:00:00Z","2016-08-28T13:30:00Z",-28.432,-30.053,-25.741,1.714,180,0.878,0.098,0,0,0,0,0.0000,100.0000,0.0000,0.0000,100.0000,0.0000,0.0000,100.0000,0.0000,0.0000,100.0000,0.0000,0.0000,100.0000,0.0000,0.0000,100.0000,0.0000,0.0000,100.0000,0.0000,100.0000,0.0000,0.0000,100.0000,0.0000,100.0000,0.0000,0.0000,0.0000,0,
"2016-08-28T13:30:00Z","2016-08-28T14:00:00Z",-22.480,-25.717,-19.095,3.638,180,0.735,0.142,0,0,0,0,0.0000,100.0000,0.0000,0.0000,100.0000,0.0000,0.0000,100.0000,0.0000,0.0000,100.0000,0.0000,0.0000,100.0000,0.0000,0.0000,100.0000,0.0000,0.0000,100.0000,0.0000,100.0000,0.0000,0.0000,100.0000,0.0000,100.0000,0.0000,0.0000,0.0000,0,
"2016-08-28T14:00:00Z","2016-08-28T14:30:00Z",-14.783,-19.042,-10.584,6.165,180,0.582,0.185,0,0,0,0,0.0000,100.0000,0.0000,0.0000,100.0000,0.0000,0.0000,100.0000,0.0000,0.0000,100.0000,0.0000,0.0000,100.0000,0.0000,0.0000,100.0000,0.0000,0.0000,100.0000,0.0000,100.0000,0.0000,0.0000,100.0000,0.0000,100.0000,0.0000,0.0000,0.0000,0,
"2016-08-28T14:30:00Z","2016-08-28T15:00:00Z",-3.254,-10.526,0.076,10.343,77,0.742,0.367,1,0,1,0,0.0000,43.0000,57.0000,0.0000,100.0000,0.0000,0.0000,43.0000,57.0000,0.0000,100.0000,0.0000,0.0000,100.0000,0.0000,0.0000,43.0000,57.0000,10.0000,90.0000,0.0000,43.0000,57.0000,57.0000,43.0000,0.0000,43.0000,57.0000,57.0000,57.0000,1,
"2016-08-28T15:00:00Z","2016-08-28T15:30:00Z",,,,,,,,1,-1,1,-1,0.0000,0.0000,100.0000,0.0000,100.0000,0.0000,0.0000,0.0000,100.0000,0.0000,100.0000,0.0000,0.0000,100.0000,0.0000,0.0000,0.0000,100.0000,20.0000,80.0000,0.0000,0.0000,100.0000,100.0000,0.0000,0.0000,0.0000,100.0000,100.0000,100.0000,1,
"2016-08-28T15:30:00Z","2016-08-28T16:00:00Z",15.690,11.438,20.398,6.939,154,0.634,0.212,0,1,1,1,0.0000,86.0000,14.0000,0.0000,100.0000,0.0000,0.0000,86.0000,14.0000,0.0000,100.0000,0.0000,0.0000,100.0000,0.0000,0.0000,86.0000,14.0000,0.0000,100.0000,86.0000,0.0000,14.0000,14.0000,86.0000,86.0000,0.0000,14.0000,100.0000,14.0000,1,
"2016-08-28T16:00:00Z","2016-08-28T16:30:00Z",25.834,20.476,30.548,8.480,180,0.888,0.217,0,1,0,1,0.0000,100.0000,0.0000,0.0000,100.0000,0.0000,0.0000,100.0000,0.0000,0.0000,100.0000,0.0000,0.0000,100.0000,0.0000,0.0000,100.0000,0.0000,0.0000,100.0000,100.0000,0.0000,0.0000,0.0000,100.0000,100.0000,0.0000,0.0000,100.0000,0.0000,1,
"2016-08-28T16:30:00Z","2016-08-28T17:00:00Z",35.683,30.601,41.143,9.574,180,1.166,0.231,0,1,0,1,0.0000,100.0000,0.0000,0.0000,100.0000,0.0000,0.0000,100.0000,0.0000,0.0000,100.0000,0.0000,0.0000,100.0000,0.0000,0.0000,100.0000,0.0000,0.0000,100.0000,100.0000,0.0000,0.0000,0.0000,100.0000,100.0000,0.0000,0.0000,100.0000,0.0000,1,
"2016-08-28T17:00:00Z","2016-08-28T17:30:00Z",47.469,41.206,53.791,13.683,180,1.527,0.276,0,1,0,1,0.0000,100.0000,0.0000,0.0000,100.0000,0.0000,0.0000,100.0000,0.0000,0.0000,100.0000,0.0000,0.0000,100.0000,0.0000,0.0000,100.0000,0.0000,0.0000,100.0000,100.0000,0.0000,0.0000,0.0000,100.0000,100.0000,0.0000,0.0000,100.0000,0.0000,1,
"2016-08-28T17:30:00Z","2016-08-28T18:00:00Z",60.190,53.862,66.146,13.238,180,1.885,0.271,0,1,0,1,0.0000,100.0000,0.0000,0.0000,100.0000,0.0000,0.0000,100.0000,0.0000,0.0000,100.0000,0.0000,0.0000,100.0000,0.0000,0.0000,100.0000,0.0000,0.0000,100.0000,100.0000,0.0000,0.0000,0.0000,100.0000,100.0000,0.0000,0.0000,100.0000,0.0000,1,
"2016-08-28T18:00:00Z","2016-08-28T18:30:00Z",70.695,66.199,75.227,6.685,180,2.156,0.193,0,1,0,1,0.0000,100.0000,0.0000,0.0000,100.0000,0.0000,0.0000,100.0000,0.0000,0.0000,100.0000,0.0000,0.0000,100.0000,0.0000,0.0000,100.0000,0.0000,0.0000,100.0000,100.0000,0.0000,0.0000,0.0000,100.0000,100.0000,0.0000,0.0000,100.0000,0.0000,1,
"2016-08-28T18:30:00Z","2016-08-28T19:00:00Z",87.212,75.273,89.173,12.265,77,2.747,0.399,1,1,1,1,0.0000,43.0000,57.0000,0.0000,100.0000,0.0000,0.0000,43.0000,57.0000,0.0000,100.0000,0.0000,0.0000,100.0000,0.0000,0.0000,43.0000,57.0000,10.0000,90.0000,3.0000,39.0000,57.0000,57.0000,43.0000,3.0000,39.0000,57.0000,61.0000,57.0000,1,
"2016-08-28T19:00:00Z","2016-08-28T19:30:00Z",91.408,89.217,93.716,1.850,180,2.762,0.101,0,0,0,0,0.0000,100.0000,0.0000,0.0000,100.0000,0.0000,0.0000,100.0000,0.0000,0.0000,100.0000,0.0000,0.0000,100.0000,0.0000,0.0000,100.0000,0.0000,0.0000,100.0000,0.0000,100.0000,0.0000,0.0000,100.0000,0.0000,100.0000,0.0000,0.0000,0.0000,0,
"2016-08-28T19:30:00Z","2016-08-28T20:00:00Z",87.160,84.418,90.022,2.782,77,2.654,0.190,1,0,1,0,0.0000,43.0000,57.0000,0.0000,100.0000,0.0000,0.0000,43.0000,57.0000,0.0000,100.0000,0.0000,0.0000,100.0000,0.0000,0.0000,43.0000,57.0000,10.0000,90.0000,0.0000,43.0000,57.0000,57.0000,43.0000,0.0000,43.0000,57.0000,57.0000,57.0000,1,
"2016-08-28T20:00:00Z","2016-08-28T20:30:00Z",81.496,78.038,84.348,3.332,84,2.489,0.199,1,0,1,0,0.0000,47.0000,53.0000,0.0000,100.0000,0.0000,0.0000,47.0000,53.0000,0.0000,100.0000,0.0000,0.0000,100.0000,0.0000,0.0000,47.0000,53.0000,10.0000,90.0000,0.0000,47.0000,53.0000,53.0000,47.0000,0.0000,47.0000,53.0000,53.0000,53.0000,1,
"2016-08-28T20:30:00Z","2016-08-28T21:00:00Z",71.225,69.653,73.131,1.762,173,2.156,0.101,0,0,1,0,0.0000,96.0000,4.0000,0.0000,100.0000,0.0000,0.0000,96.0000,4.0000,0.0000,100.0000,0.0000,0.0000,100.0000,0.0000,0.0000,96.0000,4.0000,0.0000,100.0000,0.0000,96.0000,4.0000,4.0000,96.0000,0.0000,96.0000,4.0000,4.0000,4.0000,0,
"2016-08-28T21:00:00Z","2016-08-28T21:30:00Z",65.597,56.269,72.808,25.830,180,2.119,0.379,0,0,0,0,0.0000,100.0000,0.0000,0.0000,100.0000,0.0000,0.0000,100.0000,0.0000,0.0000,100.0000,0.0000,0.0000,100.0000,0.0000,0.0000,100.0000,0.0000,0.0000,100.0000,0.0000,100.0000,0.0000,0.0000,100.0000,0.0000,100.0000,0.0000,0.0000,0.0000,0,
"2016-08-28T21:30:00Z","2016-08-28T22:00:00Z",51.477,41.400,56.152,23.251,59,1.998,0.628,1,0,1,0,0.0000,33.0000,67.0000,0.0000,100.0000,0.0000,0.0000,33.0000,67.0000,0.0000,100.0000,0.0000,0.0000,100.0000,0.0000,0.0000,33.0000,67.0000,20.0000,80.0000,0.0000,33.0000,67.0000,67.0000,33.0000,0.0000,33.0000,67.0000,67.0000,67.0000,1,
"2016-08-28T22:00:00Z","2016-08-28T22:30:00Z",,,,,,,,1,-1,1,-1,0.0000,0.0000,100.0000,0.0000,100.0000,0.0000,0.0000,0.0000,100.0000,0.0000,100.0000,0.0000,0.0000,100.0000,0.0000,0.0000,0.0000,100.0000,10.0000,90.0000,0.0000,0.0000,100.0000,100.0000,0.0000,0.0000,0.0000,100.0000,100.0000,100.0000,1,
"2016-08-28T22:30:00Z","2016-08-28T23:00:00Z",23.898,22.217,25.704,1.055,70,0.758,0.123,1,1,1,1,0.0000,39.0000,61.0000,0.0000,100.0000,0.0000,0.0000,39.0000,61.0000,0.0000,100.0000,0.0000,0.0000,100.0000,0.0000,0.0000,39.0000,61.0000,10.0000,90.0000,39.0000,0.0000,61.0000,61.0000,39.0000,39.0000,0.0000,61.0000,100.0000,61.0000,1,
"2016-08-28T23:00:00Z","2016-08-28T23:30:00Z",18.330,17.061,19.849,0.667,77,0.588,0.093,1,0,1,0,0.0000,43.0000,57.0000,0.0000,100.0000,0.0000,0.0000,43.0000,57.0000,0.0000,100.0000,0.0000,0.0000,100.0000,0.0000,0.0000,43.0000,57.0000,10.0000,90.0000,0.0000,43.0000,57.0000,57.0000,43.0000,0.0000,43.0000,57.0000,57.0000,57.0000,1,
"2016-08-28T23:30:00Z","2016-08-29T00:00:00Z",15.915,12.887,18.280,2.718,76,0.616,0.189,1,0,1,1,0.0000,42.0000,58.0000,0.0000,100.0000,0.0000,0.0000,42.0000,58.0000,0.0000,100.0000,0.0000,0.0000,100.0000,0.0000,0.0000,42.0000,58.0000,10.0000,90.0000,0.0000,42.0000,58.0000,58.0000,42.0000,9.0000,33.0000,58.0000,67.0000,58.0000,1,
"2016-08-29T00:00:00Z","2016-08-29T00:30:00Z",11.132,9.890,12.870,0.750,180,0.358,0.065,0,0,0,1,0.0000,100.0000,0.0000,0.0000,100.0000,0.0000,0.0000,100.0000,0.0000,0.0000,100.0000,0.0000,0.0000,100.0000,0.0000,0.0000,100.0000,0.0000,0.0000,100.0000,0.0000,100.0000,0.0000,0.0000,100.0000,100.0000,0.0000,0.0000,100.0000,0.0000,1,
"2016-08-29T00:30:00Z","2016-08-29T01:00:00Z",8.517,6.842,10.064,1.037,77,0.345,0.116,1,0,1,1,0.0000,43.0000,57.0000,0.0000,100.0000,0.0000,0.0000,43.0000,57.0000,0.0000,100.0000,0.0000,0.0000,100.0000,0.0000,0.0000,43.0000,57.0000,10.0000,90.0000,0.0000,43.0000,57.0000,57.0000,43.0000,43.0000,0.0000,57.0000,100.0000,57.0000,1,
"2016-08-29T01:00:00Z","2016-08-29T01:30:00Z",6.605,2.633,22.152,13.518,67,0.920,0.449,1,1,1,1,0.0000,39.0000,61.0000,0.0000,100.0000,0.0000,2.0000,37.0000,61.0000,0.0000,100.0000,0.0000,0.0000,100.0000,0.0000,0.0000,39.0000,61.0000,13.0000,87.0000,26.0000,13.0000,61.0000,61.0000,39.0000,39.0000,0.0000,61.0000,100.0000,61.0000,1,
"2016-08-29T01:30:00Z","2016-08-29T02:00:00Z",0.235,-0.047,0.522,0.034,11,0.132,0.056,1,0,1,0,0.0000,6.0000,94.0000,0.0000,100.0000,0.0000,0.0000,6.0000,94.0000,0.0000,100.0000,0.0000,0.0000,100.0000,0.0000,0.0000,6.0000,94.0000,17.0000,83.0000,0.0000,6.0000,94.0000,94.0000,6.0000,0.0000,6.0000,94.0000,94.0000,94.0000,1,
"2016-08-29T02:00:00Z","2016-08-29T02:30:00Z",-2.535,-4.429,0.806,2.010,95,0.301,0.145,1,0,1,1,0.0000,53.0000,47.0000,0.0000,100.0000,0.0000,0.0000,53.0000,47.0000,0.0000,100.0000,0.0000,0.0000,100.0000,0.0000,0.0000,53.0000,47.0000,10.0000,90.0000,0.0000,53.0000,47.0000,47.0000,53.0000,53.0000,0.0000,47.0000,100.0000,47.0000,1,
"2016-08-29T02:30:00Z","2016-08-29T03:00:00Z",-8.213,-8.816,-6.576,0.588,28,0.386,0.145,1,0,1,0,0.0000,16.0000,84.0000,0.0000,100.0000,0.0000,0.0000,16.0000,84.0000,0.0000,100.0000,0.0000,0.0000,100.0000,0.0000,0.0000,16.0000,84.0000,10.0000,90.0000,0.0000,16.0000,84.0000,84.0000,16.0000,0.0000,16.0000,84.0000,84.0000,84.0000,1,
"2016-08-29T03:00:00Z","2016-08-29T03:30:00Z",-10.412,-11.753,-8.848,0.695,180,0.342,0.062,0,0,0,0,0.0000,100.0000,0.0000,0.0000,100.0000,0.0000,0.0000,100.0000,0.0000,0.0000,100.0000,0.0000,0.0000,100.0000,0.0000,0.0000,100.0000,0.0000,0.0000,100.0000,0.0000,100.0000,0.0000,0.0000,100.0000,0.0000,100.0000,0.0000,0.0000,0.0000,0,
"2016-08-29T03:30:00Z","2016-08-29T04:00:00Z",-12.978,-13.694,-11.774,0.324,77,0.416,0.065,1,0,1,0,0.0000,43.0000,57.0000,0.0000,100.0000,0.0000,0.0000,43.0000,57.0000,0.0000,100.0000,0.0000,0.0000,100.0000,0.0000,0.0000,43.0000,57.0000,10.0000,90.0000,0.0000,43.0000,57.0000,57.0000,43.0000,0.0000,43.0000,57.0000,57.0000,57.0000,1,
"2016-08-29T04:00:00Z","2016-08-29T04:30:00Z",-14.675,-15.534,-13.704,0.280,180,0.452,0.039,0,0,0,0,0.0000,100.0000,0.0000,0.0000,100.0000,0.0000,0.0000,100.0000,0.0000,0.0000,100.0000,0.0000,0.0000,100.0000,0.0000,0.0000,100.0000,0.0000,0.0000,100.0000,0.0000,100.0000,0.0000,0.0000,100.0000,0.0000,100.0000,0.0000,0.0000,0.0000,0,
"2016-08-29T04:30:00Z","2016-08-29T05:00:00Z",-16.363,-17.246,-15.552,0.240,180,0.501,0.037,0,0,0,0,0.0000,100.0000,0.0000,0.0000,100.0000,0.0000,0.0000,100.0000,0.0000,0.0000,100.0000,0.0000,0.0000,100.0000,0.0000,0.0000,100.0000,0.0000,0.0000,100.0000,0.0000,100.0000,0.0000,0.0000,100.0000,0.0000,100.0000,0.0000,0.0000,0.0000,0,
"2016-08-29T05:00:00Z","2016-08-29T05:30:00Z",-18.282,-19.292,-17.246,0.356,180,0.560,0.044,0,0,0,0,0.0000,100.0000,0.0000,0.0000,100.0000,0.0000,0.0000,100.0000,0.0000,0.0000,100.0000,0.0000,0.0000,100.0000,0.0000,0.0000,100.0000,0.0000,0.0000,100.0000,0.0000,100.0000,0.0000,0.0000,100.0000,0.0000,100.0000,0.0000,0.0000,0.0000,0,
"2016-08-29T05:30:00Z","2016-08-29T06:00:00Z",-20.557,-21.974,-19.316,0.619,180,0.632,0.059,0,0,0,0,0.0000,100.0000,0.0000,0.0000,100.0000,0.0000,0.0000,100.0000,0.0000,0.0000,100.0000,0.0000,0.0000,100.0000,0.0000,0.0000,100.0000,0.0000,0.0000,100.0000,0.0000,100.0000,0.0000,0.0000,100.0000,0.0000,100.0000,0.0000,0.0000,0.0000,0,
"2016-08-29T06:00:00Z","2016-08-29T06:30:00Z",-23.187,-24.020,-21.992,0.347,180,0.705,0.044,0,0,0,0,0.0000,100.0000,0.0000,0.0000,100.0000,0.0000,0.0000,100.0000,0.0000,0.0000,100.0000,0.0000,0.0000,100.0000,0.0000,0.0000,100.0000,0.0000,0.0000,100.0000,0.0000,100.0000,0.0000,0.0000,100.0000,0.0000,100.0000,0.0000,0.0000,0.0000,0,
"2016-08-29T06:30:00Z","2016-08-29T07:00:00Z",-24.572,-25.060,-23.996,0.087,180,0.742,0.022,0,0,0,0,0.0000,100.0000,0.0000,0.0000,100.0000,0.0000,0.0000,100.0000,0.0000,0.0000,100.0000,0.0000,0.0000,100.0000,0.0000,0.0000,100.0000,0.0000,0.0000,100.0000,0.0000,100.0000,0.0000,0.0000,100.0000,0.0000,100.0000,0.0000,0.0000,0.0000,0,
"2016-08-29T07:00:00Z","2016-08-29T07:30:00Z",-25.250,-25.430,-25.039,0.011,180,0.758,0.008,0,0,0,1,0.0000,100.0000,0.0000,0.0000,100.0000,0.0000,0.0000,100.0000,0.0000,0.0000,100.0000,0.0000,0.0000,100.0000,0.0000,0.0000,100.0000,0.0000,0.0000,100.0000,0.0000,100.0000,0.0000,0.0000,100.0000,86.0000,14.0000,0.0000,86.0000,0.0000,1,
"2016-08-29T07:30:00Z","2016-08-29T08:00:00Z",-25.787,-26.186,-25.430,0.055,180,0.774,0.018,0,0,0,1,0.0000,100.0000,0.0000,0.0000,100.0000,0.0000,0.0000,100.0000,0.0000,0.0000,100.0000,0.0000,0.0000,100.0000,0.0000,0.0000,100.0000,0.0000,0.0000,100.0000,0.0000,100.0000,0.0000,0.0000,100.0000,100.0000,0.0000,0.0000,100.0000,0.0000,1,
"2016-08-29T08:00:00Z","2016-08-29T08:30:00Z",-26.283,-26.345,-26.181,0.001,180,0.789,0.003,0,0,0,1,0.0000,100.0000,0.0000,0.0000,100.0000,0.0000,0.0000,100.0000,0.0000,0.0000,100.0000,0.0000,0.0000,100.0000,0.0000,0.0000,100.0000,0.0000,0.0000,100.0000,0.0000,100.0000,0.0000,0.0000,100.0000,100.0000,0.0000,0.0000,100.0000,0.0000,1,
"2016-08-29T08:30:00Z","2016-08-29T09:00:00Z",-26.519,-26.809,-26.334,0.019,180,0.796,0.010,0,0,0,1,0.0000,100.0000,0.0000,0.0000,100.0000,0.0000,0.0000,100.0000,0.0000,0.0000,100.0000,0.0000,0.0000,100.0000,0.0000,0.0000,100.0000,0.0000,0.0000,100.0000,0.0000,100.0000,0.0000,0.0000,100.0000,100.0000,0.0000,0.0000,100.0000,0.0000,1,
"2016-08-29T09:00:00Z","2016-08-29T09:30:00Z",-27.101,-27.267,-26.809,0.017,180,0.813,0.010,0,0,0,1,0.0000,100.0000,0.0000,0.0000,100.0000,0.0000,0.0000,100.0000,0.0000,0.0000,100.0000,0.0000,0.0000,100.0000,0.0000,0.0000,100.0000,0.0000,0.0000,100.0000,0.0000,100.0000,0.0000,0.0000,100.0000,100.0000,0.0000,0.0000,100.0000,0.0000,1,
"2016-08-29T09:30:00Z","2016-08-29T10:00:00Z",-27.577,-27.945,-27.265,0.043,180,0.828,0.015,0,0,0,1,0.0000,100.0000,0.0000,0.0000,100.0000,0.0000,0.0000,100.0000,0.0000,0.0000,100.0000,0.0000,0.0000,100.0000,0.0000,0.0000,100.0000,0.0000,0.0000,100.0000,0.0000,100.0000,0.0000,0.0000,100.0000,100.0000,0.0000,0.0000,100.0000,0.0000,1,
"2016-08-29T10:00:00Z","2016-08-29T10:30:00Z",-27.944,-28.116,-27.688,0.012,77,0.842,0.013,1,0,1,1,0.0000,43.0000,57.0000,0.0000,100.0000,0.0000,0.0000,43.0000,57.0000,0.0000,100.0000,0.0000,0.0000,100.0000,0.0000,0.0000,43.0000,57.0000,10.0000,90.0000,0.0000,43.0000,57.0000,57.0000,43.0000,7.0000,36.0000,57.0000,64.0000,57.0000,1,
"2016-08-29T10:30:00Z","2016-08-29T11:00:00Z",-28.209,-28.254,-28.102,0.001,180,0.849,0.003,0,0,0,0,0.0000,100.0000,0.0000,0.0000,100.0000,0.0000,0.0000,100.0000,0.0000,0.0000,100.0000,0.0000,0.0000,100.0000,0.0000,0.0000,100.0000,0.0000,0.0000,100.0000,0.0000,100.0000,0.0000,0.0000,100.0000,0.0000,100.0000,0.0000,0.0000,0.0000,0,
"2016-08-29T11:00:00Z","2016-08-29T11:30:00Z",-28.050,-28.241,-27.759,0.020,180,0.845,0.011,0,0,0,0,0.0000,100.0000,0.0000,0.0000,100.0000,0.0000,0.0000,100.0000,0.0000,0.0000,100.0000,0.0000,0.0000,100.0000,0.0000,0.0000,100.0000,0.0000,0.0000,100.0000,0.0000,100.0000,0.0000,0.0000,100.0000,0.0000,100.0000,0.0000,0.0000,0.0000,0,
"2016-08-29T11:30:00Z","2016-08-29T12:00:00Z",-27.524,-27.759,-27.311,0.014,180,0.829,0.009,0,0,0,0,0.0000,100.0000,0.0000,0.0000,100.0000,0.0000,0.0000,100.0000,0.0000,0.0000,100.0000,0.0000,0.0000,100.0000,0.0000,0.0000,100.0000,0.0000,0.0000,100.0000,0.0000,100.0000,0.0000,0.0000,100.0000,0.0000,100.0000,0.0000,0.0000,0.0000,0,
"2016-08-29T12:00:00Z","2016-08-29T12:30:00Z",-26.913,-27.316,-26.464,0.062,180,0.811,0.019,0,0,0,0,0.0000,100.0000,0.0000,0.0000,100.0000,0.0000,0.0000,100.0000,0.0000,0.0000,100.0000,0.0000,0.0000,100.0000,0.0000,0.0000,100.0000,0.0000,0.0000,100.0000,0.0000,100.0000,0.0000,0.0000,100.0000,0.0000,100.0000,0.0000,0.0000,0.0000,0,
"2016-08-29T12:30:00Z","2016-08-29T13:00:00Z",-24.912,-25.093,-24.639,0.017,77,0.751,0.015,1,0,1,0,0.0000,43.0000,57.0000,0.0000,100.0000,0.0000,0.0000,43.0000,57.0000,0.0000,100.0000,0.0000,0.0000,100.0000,0.0000,0.0000,43.0000,57.0000,10.0000,90.0000,0.0000,43.0000,57.0000,57.0000,43.0000,0.0000,43.0000,57.0000,57.0000,57.0000,1,
"2016-08-29T13:00:00Z","2016-08-29T13:30:00Z",-23.648,-24.629,-22.492,0.392,180,0.719,0.047,0,0,0,0,0.0000,100.0000,0.0000,0.0000,100.0000,0.0000,0.0000,100.0000,0.0000,0.0000,100.0000,0.0000,0.0000,100.0000,0.0000,0.0000,100.0000,0.0000,0.0000,100.0000,0.0000,100.0000,0.0000,0.0000,100.0000,0.0000,100.0000,0.0000,0.0000,0.0000,0,
"2016-08-29T13:30:00Z","2016-08-29T14:00:00Z",-20.794,-22.471,-18.792,1.153,180,0.648,0.080,0,0,0,0,0.0000,100.0000,0.0000,0.0000,100.0000,0.0000,0.0000,100.0000,0.0000,0.0000,100.0000,0.0000,0.0000,100.0000,0.0000,0.0000,100.0000,0.0000,0.0000,100.0000,0.0000,100.0000,0.0000,0.0000,100.0000,0.0000,100.0000,0.0000,0.0000,0.0000,0,
"2016-08-29T14:00:00Z","2016-08-29T14:30:00Z",-15.796,-18.771,-12.155,3.742,180,0.559,0.144,0,0,0,0,0.0000,100.0000,0.0000,0.0000,100.0000,0.0000,0.0000,100.0000,0.0000,0.0000,100.0000,0.0000,0.0000,100.0000,0.0000,0.0000,100.0000,0.0000,0.0000,100.0000,0.0000,100.0000,0.0000,0.0000,100.0000,0.0000,100.0000,0.0000,0.0000,0.0000,0,
"2016-08-29T14:30:00Z","2016-08-29T15:00:00Z",-6.994,-12.108,-1.076,10.410,180,0.529,0.240,0,0,0,0,0.0000,100.0000,0.0000,0.0000,100.0000,0.0000,0.0000,100.0000,0.0000,0.0000,100.0000,0.0000,0.0000,100.0000,0.0000,0.0000,100.0000,0.0000,0.0000,100.0000,0.0000,100.0000,0.0000,0.0000,100.0000,0.0000,100.0000,0.0000,0.0000,0.0000,0,
"2016-08-29T15:00:00Z","2016-08-29T15:30:00Z",2.692,-0.997,7.544,10.036,77,0.731,0.361,1,0,1,0,0.0000,43.0000,57.0000,0.0000,100.0000,0.0000,0.0000,43.0000,57.0000,0.0000,100.0000,0.0000,0.0000,100.0000,0.0000,0.0000,43.0000,57.0000,10.0000,90.0000,0.0000,43.0000,57.0000,57.0000,43.0000,0.0000,43.0000,57.0000,57.0000,57.0000,1,
"2016-08-29T15:30:00Z","2016-08-29T16:00:00Z",9.158,7.560,13.075,4.333,77,0.555,0.237,1,0,1,0,0.0000,43.0000,57.0000,0.0000,100.0000,0.0000,0.0000,43.0000,57.0000,0.0000,100.0000,0.0000,0.0000,100.0000,0.0000,0.0000,43.0000,57.0000,10.0000,90.0000,0.0000,43.0000,57.0000,57.0000,43.0000,0.0000,43.0000,57.0000,57.0000,57.0000,1,
"2016-08-29T16:00:00Z","2016-08-29T16:30:00Z",17.055,13.088,19.169,4.807,77,0.721,0.250,1,0,1,0,0.0000,43.0000,57.0000,0.0000,100.0000,0.0000,0.0000,43.0000,57.0000,0.0000,100.0000,0.0000,0.0000,100.0000,0.0000,0.0000,43.0000,57.0000,10.0000,90.0000,0.0000,43.0000,57.0000,57.0000,43.0000,0.0000,43.0000,57.0000,57.0000,57.0000,1,
"2016-08-29T16:30:00Z","2016-08-29T17:00:00Z",21.549,19.198,23.893,1.881,180,0.685,0.102,0,0,0,0,0.0000,100.0000,0.0000,0.0000,100.0000,0.0000,0.0000,100.0000,0.0000,0.0000,100.0000,0.0000,0.0000,100.0000,0.0000,0.0000,100.0000,0.0000,0.0000,100.0000,0.0000,100.0000,0.0000,0.0000,100.0000,0.0000,100.0000,0.0000,0.0000,0.0000,0,
"2016-08-29T17:00:00Z","2016-08-29T17:30:00Z",25.769,23.930,27.462,1.101,180,0.796,0.078,0,0,0,0,0.0000,100.0000,0.0000,0.0000,100.0000,0.0000,0.0000,100.0000,0.0000,0.0000,100.0000,0.0000,0.0000,100.0000,0.0000,0.0000,100.0000,0.0000,0.0000,100.0000,0.0000,100.0000,0.0000,0.0000,100.0000,0.0000,100.0000,0.0000,0.0000,0.0000,0,
"2016-08-29T17:30:00Z","2016-08-29T18:00:00Z",33.146,27.473,43.710,25.936,180,1.258,0.380,0,0,0,0,0.0000,100.0000,0.0000,0.0000,100.0000,0.0000,0.0000,100.0000,0.0000,0.0000,100.0000,0.0000,0.0000,100.0000,0.0000,0.0000,100.0000,0.0000,0.0000,100.0000,0.0000,100.0000,0.0000,0.0000,100.0000,0.0000,100.0000,0.0000,0.0000,0.0000,0,
"2016-08-29T18:00:00Z","2016-08-29T18:30:00Z",55.058,43.851,64.200,36.285,180,1.888,0.449,0,0,0,0,0.0000,100.0000,0.0000,0.0000,100.0000,0.0000,0.0000,100.0000,0.0000,0.0000,100.0000,0.0000,0.0000,100.0000,0.0000,0.0000,100.0000,0.0000,0.0000,100.0000,0.0000,100.0000,0.0000,0.0000,100.0000,0.0000,100.0000,0.0000,0.0000,0.0000,0,
"2016-08-29T18:30:00Z","2016-08-29T19:00:00Z",68.046,64.265,72.804,4.572,180,2.075,0.159,0,0,0,0,0.0000,100.0000,0.0000,0.0000,100.0000,0.0000,0.0000,100.0000,0.0000,0.0000,100.0000,0.0000,0.0000,100.0000,0.0000,0.0000,100.0000,0.0000,0.0000,100.0000,0.0000,100.0000,0.0000,0.0000,100.0000,0.0000,100.0000,0.0000,0.0000,0.0000,0,
"2016-08-29T19:00:00Z","2016-08-29T19:30:00Z",76.605,72.880,80.258,4.574,108,2.344,0.206,1,0,1,0,0.0000,60.0000,40.0000,0.0000,100.0000,0.0000,0.0000,60.0000,40.0000,0.0000,100.0000,0.0000,0.0000,100.0000,0.0000,0.0000,60.0000,40.0000,10.0000,90.0000,0.0000,60.0000,40.0000,40.0000,60.0000,0.0000,60.0000,40.0000,40.0000,40.0000,1,
"2016-08-29T19:30:00Z","2016-08-29T20:00:00Z",85.767,79.018,93.291,14.983,149,2.662,0.317,0,0,1,0,0.0000,83.0000,17.0000,0.0000,100.0000,0.0000,0.0000,83.0000,17.0000,0.0000,100.0000,0.0000,0.0000,100.0000,0.0000,0.0000,83.0000,17.0000,0.0000,100.0000,0.0000,83.0000,17.0000,17.0000,83.0000,0.0000,83.0000,17.0000,17.0000,17.0000,1,
"2016-08-29T20:00:00Z","2016-08-29T20:30:00Z",76.858,75.382,78.955,1.035,102,2.325,0.101,1,0,1,0,0.0000,57.0000,43.0000,0.0000,100.0000,0.0000,0.0000,57.0000,43.0000,0.0000,100.0000,0.0000,0.0000,100.0000,0.0000,0.0000,57.0000,43.0000,10.0000,90.0000,0.0000,57.0000,43.0000,43.0000,57.0000,0.0000,57.0000,43.0000,43.0000,43.0000,1,
"2016-08-29T20:30:00Z","2016-08-29T21:00:00Z",60.842,59.187,65.757,3.515,155,1.850,0.151,0,1,1,1,0.0000,86.0000,14.0000,0.0000,100.0000,0.0000,0.0000,86.0000,14.0000,0.0000,100.0000,0.0000,0.0000,100.0000,0.0000,0.0000,86.0000,14.0000,0.0000,100.0000,86.0000,0.0000,14.0000,14.0000,86.0000,86.0000,0.0000,14.0000,100.0000,14.0000,1,
"2016-08-29T21:00:00Z","2016-08-29T21:30:00Z",63.106,60.042,64.752,2.035,180,1.905,0.106,0,1,0,1,0.0000,100.0000,0.0000,0.0000,100.0000,0.0000,0.0000,100.0000,0.0000,0.0000,100.0000,0.0000,0.0000,100.0000,0.0000,0.0000,100.0000,0.0000,0.0000,100.0000,100.0000,0.0000,0.0000,0.0000,100.0000,100.0000,0.0000,0.0000,100.0000,0.0000,1,
"2016-08-29T21:30:00Z","2016-08-29T22:00:00Z",51.421,39.162,62.154,47.414,180,1.853,0.513,0,1,0,1,0.0000,100.0000,0.0000,0.0000,100.0000,0.0000,0.0000,100.0000,0.0000,0.0000,100.0000,0.0000,0.0000,100.0000,0.0000,0.0000,100.0000,0.0000,0.0000,100.0000,100.0000,0.0000,0.0000,0.0000,100.0000,100.0000,0.0000,0.0000,100.0000,0.0000,1,
"2016-08-29T22:00:00Z","2016-08-29T22:30:00Z",28.913,20.528,39.034,28.753,180,1.180,0.400,0,1,0,1,0.0000,100.0000,0.0000,0.0000,100.0000,0.0000,0.0000,100.0000,0.0000,0.0000,100.0000,0.0000,0.0000,100.0000,0.0000,0.0000,100.0000,0.0000,0.0000,100.0000,100.0000,0.0000,0.0000,0.0000,100.0000,100.0000,0.0000,0.0000,100.0000,0.0000,1,
"2016-08-29T22:30:00Z","2016-08-29T23:00:00Z",14.749,10.176,20.446,8.909,180,0.627,0.222,0,1,0,1,0.0000,100.0000,0.0000,0.0000,100.0000,0.0000,0.0000,100.0000,0.0000,0.0000,100.0000,0.0000,0.0000,100.0000,0.0000,0.0000,100.0000,0.0000,0.0000,100.0000,100.0000,0.0000,0.0000,0.0000,100.0000,100.0000,0.0000,0.0000,100.0000,0.0000,1,
"2016-08-29T23:00:00Z","2016-08-29T23:30:00Z",7.109,4.632,10.137,2.572,180,0.320,0.120,0,1,0,1,0.0000,100.0000,0.0000,0.0000,100.0000,0.0000,0.0000,100.0000,0.0000,0.0000,100.0000,0.0000,0.0000,100.0000,0.0000,0.0000,100.0000,0.0000,0.0000,100.0000,100.0000,0.0000,0.0000,0.0000,100.0000,100.0000,0.0000,0.0000,100.0000,0.0000,1,
"2016-08-29T23:30:00Z","2016-08-30T00:00:00Z",3.443,2.392,4.606,0.557,77,0.199,0.085,1,1,1,1,0.0000,43.0000,57.0000,0.0000,100.0000,0.0000,0.0000,43.0000,57.0000,0.0000,100.0000,0.0000,0.0000,100.0000,0.0000,0.0000,43.0000,57.0000,10.0000,90.0000,17.0000,26.0000,57.0000,57.0000,43.0000,17.0000,26.0000,57.0000,74.0000,57.0000,1,
"2016-08-30T00:00:00Z","2016-08-30T00:30:00Z",0.553,-1.261,2.386,1.113,180,0.174,0.079,0,0,0,0,0.0000,100.0000,0.0000,0.0000,100.0000,0.0000,0.0000,100.0000,0.0000,0.0000,100.0000,0.0000,0.0000,100.0000,0.0000,0.0000,100.0000,0.0000,0.0000,100.0000,0.0000,100.0000,0.0000,0.0000,100.0000,0.0000,100.0000,0.0000,0.0000,0.0000,0,
"2016-08-30T00:30:00Z","2016-08-30T01:00:00Z",-3.225,-5.101,-1.282,1.272,180,0.205,0.084,0,0,0,0,0.0000,100.0000,0.0000,0.0000,100.0000,0.0000,0.0000,100.0000,0.0000,0.0000,100.0000,0.0000,0.0000,100.0000,0.0000,0.0000,100.0000,0.0000,0.0000,100.0000,0.0000,100.0000,0.0000,0.0000,100.0000,0.0000,100.0000,0.0000,0.0000,0.0000,0,
"2016-08-30T01:00:00Z","2016-08-30T01:30:00Z",-6.753,-8.263,-5.134,0.822,180,0.252,0.068,0,0,0,0,0.0000,100.0000,0.0000,0.0000,100.0000,0.0000,0.0000,100.0000,0.0000,0.0000,100.0000,0.0000,0.0000,100.0000,0.0000,0.0000,100.0000,0.0000,0.0000,100.0000,0.0000,100.0000,0.0000,0.0000,100.0000,0.0000,100.0000,0.0000,0.0000,0.0000,0,
"2016-08-30T01:30:00Z","2016-08-30T02:00:00Z",-9.665,-11.065,-8.268,0.652,180,0.321,0.060,0,0,0,0,0.0000,100.0000,0.0000,0.0000,100.0000,0.0000,0.0000,100.0000,0.0000,0.0000,100.0000,0.0000,0.0000,100.0000,0.0000,0.0000,100.0000,0.0000,0.0000,100.0000,0.0000,100.0000,0.0000,0.0000,100.0000,0.0000,100.0000,0.0000,0.0000,0.0000,0,
"2016-08-30T02:00:00Z","2016-08-30T02:30:00Z",-12.439,-13.763,-11.065,0.608,180,0.396,0.058,0,0,0,0,0.0000,100.0000,0.0000,0.0000,100.0000,0.0000,0.0000,100.0000,0.0000,0.0000,100.0000,0.0000,0.0000,100.0000,0.0000,0.0000,100.0000,0.0000,0.0000,100.0000,0.0000,100.0000,0.0000,0.0000,100.0000,0.0000,100.0000,0.0000,0.0000,0.0000,0,
"2016-08-30T02:30:00Z","2016-08-30T03:00:00Z",-14.581,-15.351,-13.758,0.213,120,0.450,0.042,1,0,1,0,0.0000,67.0000,33.0000,0.0000,100.0000,0.0000,0.0000,67.0000,33.0000,0.0000,100.0000,0.0000,0.0000,100.0000,0.0000,0.0000,67.0000,33.0000,10.0000,90.0000,0.0000,67.0000,33.0000,33.0000,67.0000,0.0000,67.0000,33.0000,33.0000,33.0000,1,
"2016-08-30T03:00:00Z","2016-08-30T03:30:00Z",-16.876,-17.806,-15.821,0.308,137,0.519,0.047,0,0,1,0,0.0000,76.0000,24.0000,0.0000,100.0000,0.0000,0.0000,76.0000,24.0000,0.0000,100.0000,0.0000,0.0000,100.0000,0.0000,0.0000,76.0000,24.0000,0.0000,100.0000,0.0000,76.0000,24.0000,24.0000,76.0000,0.0000,76.0000,24.0000,24.0000,24.0000,1,
"2016-08-30T03:30:00Z","2016-08-30T04:00:00Z",-19.092,-20.267,-17.811,0.534,180,0.587,0.054,0,0,0,0,0.0000,100.0000,0.0000,0.0000,100.0000,0.0000,0.0000,100.0000,0.0000,0.0000,100.0000,0.0000,0.0000,100.0000,0.0000,0.0000,100.0000,0.0000,0.0000,100.0000,0.0000,100.0000,0.0000,0.0000,100.0000,0.0000,100.0000,0.0000,0.0000,0.0000,0,
"2016-08-30T04:00:00Z","2016-08-30T04:30:00Z",-21.237,-22.229,-20.272,0.316,180,0.646,0.042,0,0,0,0,0.0000,100.0000,0.0000,0.0000,100.0000,0.0000,0.0000,100.0000,0.0000,0.0000,100.0000,0.0000,0.0000,100.0000,0.0000,0.0000,100.0000,0.0000,0.0000,100.0000,0.0000,100.0000,0.0000,0.0000,100.0000,0.0000,100.0000,0.0000,0.0000,0.0000,0,
"2016-08-30T04:30:00Z","2016-08-30T05:00:00Z",-23.147,-23.907,-22.244,0.234,180,0.702,0.036,0,0,0,0,0.0000,100.0000,0.0000,0.0000,100.0000,0.0000,0.0000,100.0000,0.0000,0.0000,100.0000,0.0000,0.0000,100.0000,0.0000,0.0000,100.0000,0.0000,0.0000,100.0000,0.0000,100.0000,0.0000,0.0000,100.0000,0.0000,100.0000,0.0000,0.0000,0.0000,0,
"2016-08-30T05:00:00Z","2016-08-30T05:30:00Z",-24.357,-24.669,-23.912,0.047,180,0.735,0.016,0,0,0,0,0.0000,100.0000,0.0000,0.0000,100.0000,0.0000,0.0000,100.0000,0.0000,0.0000,100.0000,0.0000,0.0000,100.0000,0.0000,0.0000,100.0000,0.0000,0.0000,100.0000,0.0000,100.0000,0.0000,0.0000,100.0000,0.0000,100.0000,0.0000,0.0000,0.0000,0,
"2016-08-30T05:30:00Z","2016-08-30T06:00:00Z",-24.771,-24.867,-24.654,0.003,180,0.747,0.004,0,0,0,0,0.0000,100.0000,0.0000,0.0000,100.0000,0.0000,0.0000,100.0000,0.0000,0.0000,100.0000,0.0000,0.0000,100.0000,0.0000,0.0000,100.0000,0.0000,0.0000,100.0000,0.0000,100.0000,0.0000,0.0000,100.0000,0.0000,100.0000,0.0000,0.0000,0.0000,0,
"2016-08-30T06:00:00Z","2016-08-30T06:30:00Z",-24.593,-24.898,-24.240,0.058,77,0.743,0.027,1,0,1,0,0.0000,43.0000,57.0000,0.0000,100.0000,0.0000,0.0000,43.0000,57.0000,0.0000,100.0000,0.0000,0.0000,100.0000,0.0000,0.0000,43.0000,57.0000,10.0000,90.0000,0.0000,43.0000,57.0000,57.0000,43.0000,0.0000,43.0000,57.0000,57.0000,57.0000,1,
"2016-08-30T06:30:00Z","2016-08-30T07:00:00Z",-24.714,-24.946,-24.516,0.015,180,0.745,0.009,0,0,0,0,0.0000,100.0000,0.0000,0.0000,100.0000,0.0000,0.0000,100.0000,0.0000,0.0000,100.0000,0.0000,0.0000,100.0000,0.0000,0.0000,100.0000,0.0000,0.0000,100.0000,0.0000,100.0000,0.0000,0.0000,100.0000,0.0000,100.0000,0.0000,0.0000,0.0000,0,
"2016-08-30T07:00:00Z","2016-08-30T07:30:00Z",-25.096,-25.189,-24.949,0.004,180,0.756,0.005,0,0,0,0,0.0000,100.0000,0.0000,0.0000,100.0000,0.0000,0.0000,100.0000,0.0000,0.0000,100.0000,0.0000,0.0000,100.0000,0.0000,0.0000,100.0000,0.0000,0.0000,100.0000,0.0000,100.0000,0.0000,0.0000,100.0000,0.0000,100.0000,0.0000,0.0000,0.0000,0,
"2016-08-30T07:30:00Z","2016-08-30T08:00:00Z",-24.915,-25.142,-24.565,0.030,180,0.751,0.013,0,0,0,0,0.0000,100.0000,0.0000,0.0000,100.0000,0.0000,0.0000,100.0000,0.0000,0.0000,100.0000,0.0000,0.0000,100.0000,0.0000,0.0000,100.0000,0.0000,0.0000,100.0000,0.0000,100.0000,0.0000,0.0000,100.0000,0.0000,100.0000,0.0000,0.0000,0.0000,0,
"2016-08-30T08:00:00Z","2016-08-30T08:30:00Z",-24.194,-24.565,-23.929,0.036,180,0.730,0.014,0,0,0,0,0.0000,100.0000,0.0000,0.0000,100.0000,0.0000,0.0000,100.0000,0.0000,0.0000,100.0000,0.0000,0.0000,100.0000,0.0000,0.0000,100.0000,0.0000,0.0000,100.0000,0.0000,100.0000,0.0000,0.0000,100.0000,0.0000,100.0000,0.0000,0.0000,0.0000,0,
"2016-08-30T08:30:00Z","2016-08-30T09:00:00Z",-23.941,-23.981,-23.906,0.000,180,0.722,0.002,0,0,0,0,0.0000,100.0000,0.0000,0.0000,100.0000,0.0000,0.0000,100.0000,0.0000,0.0000,100.0000,0.0000,0.0000,100.0000,0.0000,0.0000,100.0000,0.0000,0.0000,100.0000,0.0000,100.0000,0.0000,0.0000,100.0000,0.0000,100.0000,0.0000,0.0000,0.0000,0,
"2016-08-30T09:00:00Z","2016-08-30T09:30:00Z",-23.951,-23.989,-23.895,0.001,120,0.722,0.002,1,0,1,0,0.0000,67.0000,33.0000,0.0000,100.0000,0.0000,0.0000,67.0000,33.0000,0.0000,100.0000,0.0000,0.0000,100.0000,0.0000,0.0000,67.0000,33.0000,10.0000,90.0000,0.0000,67.0000,33.0000,33.0000,67.0000,0.0000,67.0000,33.0000,33.0000,33.0000,1,
"2016-08-30T09:30:00Z","2016-08-30T10:00:00Z",-23.496,-23.859,-23.084,0.044,137,0.709,0.018,0,0,1,0,0.0000,76.0000,24.0000,0.0000,100.0000,0.0000,0.0000,76.0000,24.0000,0.0000,100.0000,0.0000,0.0000,100.0000,0.0000,0.0000,76.0000,24.0000,0.0000,100.0000,0.0000,76.0000,24.0000,24.0000,76.0000,0.0000,76.0000,24.0000,24.0000,24.0000,1,
"2016-08-30T10:00:00Z","2016-08-30T10:30:00Z",-24.516,-25.208,-23.833,0.158,180,0.741,0.030,0,0,0,0,0.0000,100.0000,0.0000,0.0000,100.0000,0.0000,0.0000,100.0000,0.0000,0.0000,100.0000,0.0000,0.0000,100.0000,0.0000,0.0000,100.0000,0.0000,0.0000,100.0000,0.0000,100.0000,0.0000,0.0000,100.0000,0.0000,100.0000,0.0000,0.0000,0.0000,0,
"2016-08-30T10:30:00Z","2016-08-30T11:00:00Z",-25.512,-25.808,-25.206,0.030,84,0.770,0.019,1,0,1,0,0.0000,47.0000,53.0000,0.0000,100.0000,0.0000,0.0000,47.0000,53.0000,0.0000,100.0000,0.0000,0.0000,100.0000,0.0000,0.0000,47.0000,53.0000,10.0000,90.0000,0.0000,47.0000,53.0000,53.0000,47.0000,0.0000,47.0000,53.0000,53.0000,53.0000,1,
"2016-08-30T11:00:00Z","2016-08-30T11:30:00Z",-26.975,-27.790,-25.919,0.280,173,0.816,0.040,0,0,1,0,0.0000,96.0000,4.0000,0.0000,100.0000,0.0000,0.0000,96.0000,4.0000,0.0000,100.0000,0.0000,0.0000,100.0000,0.0000,0.0000,96.0000,4.0000,0.0000,100.0000,0.0000,96.0000,4.0000,4.0000,96.0000,0.0000,96.0000,4.0000,4.0000,4.0000,0,
"2016-08-30T11:30:00Z","2016-08-30T12:00:00Z",-28.369,-28.785,-27.796,0.083,180,0.855,0.021,0,0,0,0,0.0000,100.0000,0.0000,0.0000,100.0000,0.0000,0.0000,100.0000,0.0000,0.0000,100.0000,0.0000,0.0000,100.0000,0.0000,0.0000,100.0000,0.0000,0.0000,100.0000,0.0000,100.0000,0.0000,0.0000,100.0000,0.0000,100.0000,0.0000,0.0000,0.0000,0,
"2016-08-30T12:00:00Z","2016-08-30T12:30:00Z",-28.696,-28.871,-27.864,0.112,77,0.867,0.038,1,0,1,0,0.0000,43.0000,57.0000,0.0000,100.0000,0.0000,0.0000,43.0000,57.0000,0.0000,100.0000,0.0000,0.0000,100.0000,0.0000,0.0000,43.0000,57.0000,10.0000,90.0000,0.0000,43.0000,57.0000,57.0000,43.0000,0.0000,43.0000,57.0000,57.0000,57.0000,1,
"2016-08-30T12:30:00Z","2016-08-30T13:00:00Z",-27.621,-27.940,-27.041,0.072,180,0.833,0.020,0,0,0,0,0.0000,100.0000,0.0000,0.0000,100.0000,0.0000,0.0000,100.0000,0.0000,0.0000,100.0000,0.0000,0.0000,100.0000,0.0000,0.0000,100.0000,0.0000,0.0000,100.0000,0.0000,100.0000,0.0000,0.0000,100.0000,0.0000,100.0000,0.0000,0.0000,0.0000,0,
"2016-08-30T13:00:00Z","2016-08-30T13:30:00Z",-25.810,-27.028,-24.359,0.607,180,0.786,0.058,0,0,0,0,0.0000,100.0000,0.0000,0.0000,100.0000,0.0000,0.0000,100.0000,0.0000,0.0000,100.0000,0.0000,0.0000,100.0000,0.0000,0.0000,100.0000,0.0000,0.0000,100.0000,0.0000,100.0000,0.0000,0.0000,100.0000,0.0000,100.0000,0.0000,0.0000,0.0000,0,
"2016-08-30T13:30:00Z","2016-08-30T14:00:00Z",-22.049,-24.338,-18.943,2.417,180,0.704,0.116,0,0,0,0,0.0000,100.0000,0.0000,0.0000,100.0000,0.0000,0.0000,100.0000,0.0000,0.0000,100.0000,0.0000,0.0000,100.0000,0.0000,0.0000,100.0000,0.0000,0.0000,100.0000,0.0000,100.0000,0.0000,0.0000,100.0000,0.0000,100.0000,0.0000,0.0000,0.0000,0,
"2016-08-30T14:00:00Z","2016-08-30T14:30:00Z",-13.422,-18.893,-7.026,12.261,180,0.663,0.261,0,0,0,0,0.0000,100.0000,0.0000,0.0000,100.0000,0.0000,0.0000,100.0000,0.0000,0.0000,100.0000,0.0000,0.0000,100.0000,0.0000,0.0000,100.0000,0.0000,0.0000,100.0000,0.0000,100.0000,0.0000,0.0000,100.0000,0.0000,100.0000,0.0000,0.0000,0.0000,0,
"2016-08-30T14:30:00Z","2016-08-30T15:00:00Z",-0.193,-6.953,6.652,15.261,180,0.586,0.291,0,0,0,0,0.0000,100.0000,0.0000,0.0000,100.0000,0.0000,0.0000,100.0000,0.0000,0.0000,100.0000,0.0000,0.0000,100.0000,0.0000,0.0000,100.0000,0.0000,0.0000,100.0000,0.0000,100.0000,0.0000,0.0000,100.0000,0.0000,100.0000,0.0000,0.0000,0.0000,0,
"2016-08-30T15:00:00Z","2016-08-30T15:30:00Z",12.730,6.738,18.245,11.397,156,0.668,0.270,1,0,1,0,0.0000,87.0000,13.0000,0.0000,100.0000,0.0000,0.0000,87.0000,13.0000,0.0000,100.0000,0.0000,0.0000,100.0000,0.0000,0.0000,87.0000,13.0000,10.0000,90.0000,0.0000,87.0000,13.0000,13.0000,87.0000,0.0000,87.0000,13.0000,13.0000,13.0000,1,
"2016-08-30T15:30:00Z","2016-08-30T16:00:00Z",26.890,24.738,29.148,1.698,101,0.854,0.130,0,0,1,0,0.0000,56.0000,44.0000,0.0000,100.0000,0.0000,0.0000,56.0000,44.0000,0.0000,100.0000,0.0000,0.0000,100.0000,0.0000,0.0000,56.0000,44.0000,0.0000,100.0000,0.0000,56.0000,44.0000,44.0000,56.0000,0.0000,56.0000,44.0000,44.0000,44.0000,1,
"2016-08-30T16:00:00Z","2016-08-30T16:30:00Z",33.117,29.195,36.291,9.993,41,1.406,0.494,1,0,1,0,0.0000,23.0000,77.0000,0.0000,100.0000,0.0000,0.0000,23.0000,77.0000,0.0000,100.0000,0.0000,0.0000,100.0000,0.0000,0.0000,23.0000,77.0000,20.0000,80.0000,0.0000,23.0000,77.0000,77.0000,23.0000,0.0000,23.0000,77.0000,77.0000,77.0000,1,
"2016-08-30T16:30:00Z","2016-08-30T17:00:00Z",44.751,42.050,47.697,2.789,113,1.387,0.157,0,0,1,0,0.0000,63.0000,37.0000,0.0000,100.0000,0.0000,0.0000,63.0000,37.0000,0.0000,100.0000,0.0000,0.0000,100.0000,0.0000,0.0000,63.0000,37.0000,0.0000,100.0000,0.0000,63.0000,37.0000,37.0000,63.0000,0.0000,63.0000,37.0000,37.0000,37.0000,1,
"2016-08-30T17:00:00Z","2016-08-30T17:30:00Z",51.743,47.764,55.850,5.599,138,1.612,0.201,1,0,1,0,0.0000,77.0000,23.0000,0.0000,100.0000,0.0000,0.0000,77.0000,23.0000,0.0000,100.0000,0.0000,0.0000,100.0000,0.0000,0.0000,77.0000,23.0000,10.0000,90.0000,0.0000,77.0000,23.0000,23.0000,77.0000,0.0000,77.0000,23.0000,23.0000,23.0000,1,
"2016-08-30T17:30:00Z","2016-08-30T18:00:00Z",66.767,63.164,70.025,4.112,119,2.047,0.186,0,0,1,0,0.0000,66.0000,34.0000,0.0000,100.0000,0.0000,0.0000,66.0000,34.0000,0.0000,100.0000,0.0000,0.0000,100.0000,0.0000,0.0000,66.0000,34.0000,0.0000,100.0000,0.0000,66.0000,34.0000,34.0000,66.0000,0.0000,66.0000,34.0000,34.0000,34.0000,1,
"2016-08-30T18:00:00Z","2016-08-30T18:30:00Z",77.359,70.082,85.116,20.294,180,2.427,0.336,0,0,0,0,0.0000,100.0000,0.0000,0.0000,100.0000,0.0000,0.0000,100.0000,0.0000,0.0000,100.0000,0.0000,0.0000,100.0000,0.0000,0.0000,100.0000,0.0000,0.0000,100.0000,0.0000,100.0000,0.0000,0.0000,100.0000,0.0000,100.0000,0.0000,0.0000,0.0000,0,
"2016-08-30T18:30:00Z","2016-08-30T19:00:00Z",90.406,85.191,92.756,4.954,180,2.744,0.166,0,0,0,0,0.0000,100.0000,0.0000,0.0000,100.0000,0.0000,0.0000,100.0000,0.0000,0.0000,100.0000,0.0000,0.0000,100.0000,0.0000,0.0000,100.0000,0.0000,0.0000,100.0000,0.0000,100.0000,0.0000,0.0000,100.0000,0.0000,100.0000,0.0000,0.0000,0.0000,0,
"2016-08-30T19:00:00Z","2016-08-30T19:30:00Z",76.087,60.744,89.501,75.453,180,2.635,0.647,0,0,0,0,0.0000,100.0000,0.0000,0.0000,100.0000,0.0000,0.0000,100.0000,0.0000,0.0000,100.0000,0.0000,0.0000,100.0000,0.0000,0.0000,100.0000,0.0000,0.0000,100.0000,0.0000,100.0000,0.0000,0.0000,100.0000,0.0000,100.0000,0.0000,0.0000,0.0000,0,
"2016-08-30T19:30:00Z","2016-08-30T20:00:00Z",46.213,32.184,60.568,69.251,180,1.869,0.620,0,0,0,0,0.0000,100.0000,0.0000,0.0000,100.0000,0.0000,0.0000,100.0000,0.0000,0.0000,100.0000,0.0000,0.0000,100.0000,0.0000,0.0000,100.0000,0.0000,0.0000,100.0000,0.0000,100.0000,0.0000,0.0000,100.0000,0.0000,100.0000,0.0000,0.0000,0.0000,0,
"2016-08-30T20:00:00Z","2016-08-30T20:30:00Z",21.266,12.633,32.047,32.068,180,1.065,0.422,0,0,0,0,0.0000,100.0000,0.0000,0.0000,100.0000,0.0000,0.0000,100.0000,0.0000,0.0000,100.0000,0.0000,0.0000,100.0000,0.0000,0.0000,100.0000,0.0000,0.0000,100.0000,0.0000,100.0000,0.0000,0.0000,100.0000,0.0000,100.0000,0.0000,0.0000,0.0000,0,
"2016-08-30T20:30:00Z","2016-08-30T21:00:00Z",8.958,5.240,12.566,7.281,77,0.676,0.308,1,0,1,0,0.0000,43.0000,57.0000,0.0000,100.0000,0.0000,0.0000,43.0000,57.0000,0.0000,100.0000,0.0000,0.0000,100.0000,0.0000,0.0000,43.0000,57.0000,10.0000,90.0000,0.0000,43.0000,57.0000,57.0000,43.0000,0.0000,43.0000,57.0000,57.0000,57.0000,1,
"2016-08-30T21:00:00Z","2016-08-30T21:30:00Z",4.238,3.969,5.204,0.116,180,0.156,0.025,0,0,0,0,0.0000,100.0000,0.0000,0.0000,100.0000,0.0000,0.0000,100.0000,0.0000,0.0000,100.0000,0.0000,0.0000,100.0000,0.0000,0.0000,100.0000,0.0000,0.0000,100.0000,0.0000,100.0000,0.0000,0.0000,100.0000,0.0000,100.0000,0.0000,0.0000,0.0000,0,
"2016-08-30T21:30:00Z","2016-08-30T22:00:00Z",4.286,3.974,4.664,0.053,180,0.152,0.017,0,0,0,0,0.0000,100.0000,0.0000,0.0000,100.0000,0.0000,0.0000,100.0000,0.0000,0.0000,100.0000,0.0000,0.0000,100.0000,0.0000,0.0000,100.0000,0.0000,0.0000,100.0000,0.0000,100.0000,0.0000,0.0000,100.0000,0.0000,100.0000,0.0000,0.0000,0.0000,0,
"2016-08-30T22:00:00Z","2016-08-30T22:30:00Z",4.368,4.109,4.661,0.040,180,0.153,0.015,0,0,0,0,0.0000,100.0000,0.0000,0.0000,100.0000,0.0000,0.0000,100.0000,0.0000,0.0000,100.0000,0.0000,0.0000,100.0000,0.0000,0.0000,100.0000,0.0000,0.0000,100.0000,0.0000,100.0000,0.0000,0.0000,100.0000,0.0000,100.0000,0.0000,0.0000,0.0000,0,
"2016-08-30T22:30:00Z","2016-08-30T23:00:00Z",5.058,4.179,6.105,0.346,180,0.191,0.044,0,0,0,0,0.0000,100.0000,0.0000,0.0000,100.0000,0.0000,0.0000,100.0000,0.0000,0.0000,100.0000,0.0000,0.0000,100.0000,0.0000,0.0000,100.0000,0.0000,0.0000,100.0000,0.0000,100.0000,0.0000,0.0000,100.0000,0.0000,100.0000,0.0000,0.0000,0.0000,0,
"2016-08-30T23:00:00Z","2016-08-30T23:30:00Z",5.689,5.183,6.245,0.164,180,0.196,0.030,0,0,0,0,0.0000,100.0000,0.0000,0.0000,100.0000,0.0000,0.0000,100.0000,0.0000,0.0000,100.0000,0.0000,0.0000,100.0000,0.0000,0.0000,100.0000,0.0000,0.0000,100.0000,0.0000,100.0000,0.0000,0.0000,100.0000,0.0000,100.0000,0.0000,0.0000,0.0000,0,
"2016-08-30T23:30:00Z","2016-08-31T00:00:00Z",5.898,5.408,6.113,0.042,138,0.195,0.018,1,0,1,0,0.0000,77.0000,23.0000,0.0000,100.0000,0.0000,0.0000,77.0000,23.0000,0.0000,100.0000,0.0000,0.0000,100.0000,0.0000,0.0000,77.0000,23.0000,10.0000,90.0000,0.0000,77.0000,23.0000,23.0000,77.0000,0.0000,77.0000,23.0000,23.0000,23.0000,1,
"2016-08-31T00:00:00Z","2016-08-31T00:30:00Z",2.057,-0.199,4.305,1.701,119,0.258,0.120,0,0,1,0,0.0000,66.0000,34.0000,0.0000,100.0000,0.0000,0.0000,66.0000,34.0000,0.0000,100.0000,0.0000,0.0000,100.0000,0.0000,0.0000,66.0000,34.0000,0.0000,100.0000,0.0000,66.0000,34.0000,34.0000,66.0000,0.0000,66.0000,34.0000,34.0000,34.0000,1,
"2016-08-31T00:30:00Z","2016-08-31T01:00:00Z",-3.620,-6.825,-0.235,3.690,180,0.313,0.143,0,0,0,0,0.0000,100.0000,0.0000,0.0000,100.0000,0.0000,0.0000,100.0000,0.0000,0.0000,100.0000,0.0000,0.0000,100.0000,0.0000,0.0000,100.0000,0.0000,0.0000,100.0000,0.0000,100.0000,0.0000,0.0000,100.0000,0.0000,100.0000,0.0000,0.0000,0.0000,0,
"2016-08-31T01:00:00Z","2016-08-31T01:30:00Z",-9.640,-12.235,-6.846,2.458,180,0.377,0.117,0,0,0,0,0.0000,100.0000,0.0000,0.0000,100.0000,0.0000,0.0000,100.0000,0.0000,0.0000,100.0000,0.0000,0.0000,100.0000,0.0000,0.0000,100.0000,0.0000,0.0000,100.0000,0.0000,100.0000,0.0000,0.0000,100.0000,0.0000,100.0000,0.0000,0.0000,0.0000,0,
"2016-08-31T01:30:00Z","2016-08-31T02:00:00Z",-14.517,-16.649,-12.253,1.645,180,0.480,0.096,0,0,0,0,0.0000,100.0000,0.0000,0.0000,100.0000,0.0000,0.0000,100.0000,0.0000,0.0000,100.0000,0.0000,0.0000,100.0000,0.0000,0.0000,100.0000,0.0000,0.0000,100.0000,0.0000,100.0000,0.0000,0.0000,100.0000,0.0000,100.0000,0.0000,0.0000,0.0000,0,
"2016-08-31T02:00:00Z","2016-08-31T02:30:00Z",-18.113,-19.210,-16.654,0.543,180,0.558,0.055,0,0,0,0,0.0000,100.0000,0.0000,0.0000,100.0000,0.0000,0.0000,100.0000,0.0000,0.0000,100.0000,0.0000,0.0000,100.0000,0.0000,0.0000,100.0000,0.0000,0.0000,100.0000,0.0000,100.0000,0.0000,0.0000,100.0000,0.0000,100.0000,0.0000,0.0000,0.0000,0,
"2016-08-31T02:30:00Z","2016-08-31T03:00:00Z",-20.036,-20.936,-19.212,0.236,180,0.609,0.036,0,0,0,0,0.0000,100.0000,0.0000,0.0000,100.0000,0.0000,0.0000,100.0000,0.0000,0.0000,100.0000,0.0000,0.0000,100.0000,0.0000,0.0000,100.0000,0.0000,0.0000,100.0000,0.0000,100.0000,0.0000,0.0000,100.0000,0.0000,100.0000,0.0000,0.0000,0.0000,0,
"2016-08-31T03:00:00Z","2016-08-31T03:30:00Z",-21.621,-22.589,-20.926,0.329,77,0.665,0.065,1,0,1,0,0.0000,43.0000,57.0000,0.0000,100.0000,0.0000,0.0000,43.0000,57.0000,0.0000,100.0000,0.0000,0.0000,100.0000,0.0000,0.0000,43.0000,57.0000,10.0000,90.0000,0.0000,43.0000,57.0000,57.0000,43.0000,0.0000,43.0000,57.0000,57.0000,57.0000,1,
"2016-08-31T03:30:00Z","2016-08-31T04:00:00Z",-23.975,-25.251,-22.620,0.581,180,0.732,0.057,0,0,0,0,0.0000,100.0000,0.0000,0.0000,100.0000,0.0000,0.0000,100.0000,0.0000,0.0000,100.0000,0.0000,0.0000,100.0000,0.0000,0.0000,100.0000,0.0000,0.0000,100.0000,0.0000,100.0000,0.0000,0.0000,100.0000,0.0000,100.0000,0.0000,0.0000,0.0000,0,
"2016-08-31T04:00:00Z","2016-08-31T04:30:00Z",-26.209,-27.017,-25.259,0.264,180,0.793,0.038,0,0,0,0,0.0000,100.0000,0.0000,0.0000,100.0000,0.0000,0.0000,100.0000,0.0000,0.0000,100.0000,0.0000,0.0000,100.0000,0.0000,0.0000,100.0000,0.0000,0.0000,100.0000,0.0000,100.0000,0.0000,0.0000,100.0000,0.0000,100.0000,0.0000,0.0000,0.0000,0,
"2016-08-31T04:30:00Z","2016-08-31T05:00:00Z",-27.610,-28.118,-27.019,0.108,180,0.833,0.024,0,0,0,0,0.0000,100.0000,0.0000,0.0000,100.0000,0.0000,0.0000,100.0000,0.0000,0.0000,100.0000,0.0000,0.0000,100.0000,0.0000,0.0000,100.0000,0.0000,0.0000,100.0000,0.0000,100.0000,0.0000,0.0000,100.0000,0.0000,100.0000,0.0000,0.0000,0.0000,0,
"2016-08-31T05:00:00Z","2016-08-31T05:30:00Z",-28.576,-29.026,-28.131,0.068,180,0.861,0.019,0,0,0,0,0.0000,100.0000,0.0000,0.0000,100.0000,0.0000,0.0000,100.0000,0.0000,0.0000,100.0000,0.0000,0.0000,100.0000,0.0000,0.0000,100.0000,0.0000,0.0000,100.0000,0.0000,100.0000,0.0000,0.0000,100.0000,0.0000,100.0000,0.0000,0.0000,0.0000,0,
"2016-08-31T05:30:00Z","2016-08-31T06:00:00Z",-29.349,-29.583,-29.018,0.030,180,0.884,0.013,0,0,0,0,0.0000,100.0000,0.0000,0.0000,100.0000,0.0000,0.0000,100.0000,0.0000,0.0000,100.0000,0.0000,0.0000,100.0000,0.0000,0.0000,100.0000,0.0000,0.0000,100.0000,0.0000,100.0000,0.0000,0.0000,100.0000,0.0000,100.0000,0.0000,0.0000,0.0000,0,
"2016-08-31T06:00:00Z","2016-08-31T06:30:00Z",-29.545,-29.596,-29.466,0.001,138,0.889,0.003,1,0,1,0,0.0000,77.0000,23.0000,0.0000,100.0000,0.0000,0.0000,77.0000,23.0000,0.0000,100.0000,0.0000,0.0000,100.0000,0.0000,0.0000,77.0000,23.0000,10.0000,90.0000,0.0000,77.0000,23.0000,23.0000,77.0000,0.0000,77.0000,23.0000,23.0000,23.0000,1,
"2016-08-31T06:30:00Z","2016-08-31T07:00:00Z",-29.252,-29.489,-28.826,0.034,119,0.881,0.017,0,0,1,0,0.0000,66.0000,34.0000,0.0000,100.0000,0.0000,0.0000,66.0000,34.0000,0.0000,100.0000,0.0000,0.0000,100.0000,0.0000,0.0000,66.0000,34.0000,0.0000,100.0000,0.0000,66.0000,34.0000,34.0000,66.0000,0.0000,66.0000,34.0000,34.0000,34.0000,1,
"2016-08-31T07:00:00Z","2016-08-31T07:30:00Z",-29.659,-29.824,-29.491,0.008,180,0.893,0.007,0,0,0,0,0.0000,100.0000,0.0000,0.0000,100.0000,0.0000,0.0000,100.0000,0.0000,0.0000,100.0000,0.0000,0.0000,100.0000,0.0000,0.0000,100.0000,0.0000,0.0000,100.0000,0.0000,100.0000,0.0000,0.0000,100.0000,0.0000,100.0000,0.0000,0.0000,0.0000,0,
"2016-08-31T07:30:00Z","2016-08-31T08:00:00Z",-30.057,-30.247,-29.818,0.015,180,0.905,0.009,0,0,0,0,0.0000,100.0000,0.0000,0.0000,100.0000,0.0000,0.0000,100.0000,0.0000,0.0000,100.0000,0.0000,0.0000,100.0000,0.0000,0.0000,100.0000,0.0000,0.0000,100.0000,0.0000,100.0000,0.0000,0.0000,100.0000,0.0000,100.0000,0.0000,0.0000,0.0000,0,
"2016-08-31T08:00:00Z","2016-08-31T08:30:00Z",-30.395,-30.489,-30.229,0.005,180,0.915,0.005,0,0,0,0,0.0000,100.0000,0.0000,0.0000,100.0000,0.0000,0.0000,100.0000,0.0000,0.0000,100.0000,0.0000,0.0000,100.0000,0.0000,0.0000,100.0000,0.0000,0.0000,100.0000,0.0000,100.0000,0.0000,0.0000,100.0000,0.0000,100.0000,0.0000,0.0000,0.0000,0,
"2016-08-31T08:30:00Z","2016-08-31T09:00:00Z",-30.510,-30.543,-30.470,0.000,180,0.918,0.001,0,0,0,0,0.0000,100.0000,0.0000,0.0000,100.0000,0.0000,0.0000,100.0000,0.0000,0.0000,100.0000,0.0000,0.0000,100.0000,0.0000,0.0000,100.0000,0.0000,0.0000,100.0000,0.0000,100.0000,0.0000,0.0000,100.0000,0.0000,100.0000,0.0000,0.0000,0.0000,0,
"2016-08-31T09:00:00Z","2016-08-31T09:30:00Z",-30.549,-30.603,-30.515,0.000,180,0.920,0.002,0,0,0,0,0.0000,100.0000,0.0000,0.0000,100.0000,0.0000,0.0000,100.0000,0.0000,0.0000,100.0000,0.0000,0.0000,100.0000,0.0000,0.0000,100.0000,0.0000,0.0000,100.0000,0.0000,100.0000,0.0000,0.0000,100.0000,0.0000,100.0000,0.0000,0.0000,0.0000,0,
"2016-08-31T09:30:00Z","2016-08-31T10:00:00Z",-30.508,-30.691,-30.176,0.028,77,0.919,0.019,1,0,1,0,0.0000,43.0000,57.0000,0.0000,100.0000,0.0000,0.0000,43.0000,57.0000,0.0000,100.0000,0.0000,0.0000,100.0000,0.0000,0.0000,43.0000,57.0000,10.0000,90.0000,0.0000,43.0000,57.0000,57.0000,43.0000,0.0000,43.0000,57.0000,57.0000,57.0000,1,
"2016-08-31T10:00:00Z","2016-08-31T10:30:00Z",-30.698,-30.902,-30.412,0.022,180,0.924,0.011,0,0,0,0,0.0000,100.0000,0.0000,0.0000,100.0000,0.0000,0.0000,100.0000,0.0000,0.0000,100.0000,0.0000,0.0000,100.0000,0.0000,0.0000,100.0000,0.0000,0.0000,100.0000,0.0000,100.0000,0.0000,0.0000,100.0000,0.0000,100.0000,0.0000,0.0000,0.0000,0,
"2016-08-31T10:30:00Z","2016-08-31T11:00:00Z",-29.164,-30.808,-27.054,1.336,180,0.895,0.086,0,0,0,0,0.0000,100.0000,0.0000,0.0000,100.0000,0.0000,0.0000,100.0000,0.0000,0.0000,100.0000,0.0000,0.0000,100.0000,0.0000,0.0000,100.0000,0.0000,0.0000,100.0000,0.0000,100.0000,0.0000,0.0000,100.0000,0.0000,100.0000,0.0000,0.0000,0.0000,0,
"2016-08-31T11:00:00Z","2016-08-31T11:30:00Z",-25.089,-27.033,-23.463,1.088,180,0.772,0.078,0,0,0,0,0.0000,100.0000,0.0000,0.0000,100.0000,0.0000,0.0000,100.0000,0.0000,0.0000,100.0000,0.0000,0.0000,100.0000,0.0000,0.0000,100.0000,0.0000,0.0000,100.0000,0.0000,100.0000,0.0000,0.0000,100.0000,0.0000,100.0000,0.0000,0.0000,0.0000,0,
"2016-08-31T11:30:00Z","2016-08-31T12:00:00Z",-22.059,-23.429,-20.739,0.623,180,0.676,0.059,0,0,0,0,0.0000,100.0000,0.0000,0.0000,100.0000,0.0000,0.0000,100.0000,0.0000,0.0000,100.0000,0.0000,0.0000,100.0000,0.0000,0.0000,100.0000,0.0000,0.0000,100.0000,0.0000,100.0000,0.0000,0.0000,100.0000,0.0000,100.0000,0.0000,0.0000,0.0000,0,
"2016-08-31T12:00:00Z","2016-08-31T12:30:00Z",-19.693,-20.724,-18.798,0.307,180,0.600,0.041,0,0,0,0,0.0000,100.0000,0.0000,0.0000,100.0000,0.0000,0.0000,100.0000,0.0000,0.0000,100.0000,0.0000,0.0000,100.0000,0.0000,0.0000,100.0000,0.0000,0.0000,100.0000,0.0000,100.0000,0.0000,0.0000,100.0000,0.0000,100.0000,0.0000,0.0000,0.0000,0,
"2016-08-31T12:30:00Z","2016-08-31T13:00:00Z",-18.332,-18.806,-17.924,0.065,138,0.556,0.022,1,0,1,0,0.0000,77.0000,23.0000,0.0000,100.0000,0.0000,0.0000,77.0000,23.0000,0.0000,100.0000,0.0000,0.0000,100.0000,0.0000,0.0000,77.0000,23.0000,10.0000,90.0000,0.0000,77.0000,23.0000,23.0000,77.0000,0.0000,77.0000,23.0000,23.0000,23.0000,1,
"2016-08-31T13:00:00Z","2016-08-31T13:30:00Z",-16.545,-16.666,-16.297,0.011,119,0.501,0.010,0,0,1,0,0.0000,66.0000,34.0000,0.0000,100.0000,0.0000,0.0000,66.0000,34.0000,0.0000,100.0000,0.0000,0.0000,100.0000,0.0000,0.0000,66.0000,34.0000,0.0000,100.0000,0.0000,66.0000,34.0000,34.0000,66.0000,0.0000,66.0000,34.0000,34.0000,34.0000,1,
"2016-08-31T13:30:00Z","2016-08-31T14:00:00Z",-15.263,-16.292,-13.842,0.534,180,0.475,0.054,0,0,0,0,0.0000,100.0000,0.0000,0.0000,100.0000,0.0000,0.0000,100.0000,0.0000,0.0000,100.0000,0.0000,0.0000,100.0000,0.0000,0.0000,100.0000,0.0000,0.0000,100.0000,0.0000,100.0000,0.0000,0.0000,100.0000,0.0000,100.0000,0.0000,0.0000,0.0000,0,
"2016-08-31T14:00:00Z","2016-08-31T14:30:00Z",-12.071,-13.829,-9.818,1.286,180,0.405,0.085,0,0,0,0,0.0000,100.0000,0.0000,0.0000,100.0000,0.0000,0.0000,100.0000,0.0000,0.0000,100.0000,0.0000,0.0000,100.0000,0.0000,0.0000,100.0000,0.0000,0.0000,100.0000,0.0000,100.0000,0.0000,0.0000,100.0000,0.0000,100.0000,0.0000,0.0000,0.0000,0,
"2016-08-31T14:30:00Z","2016-08-31T15:00:00Z",-6.663,-9.810,-3.287,3.580,180,0.352,0.141,0,0,0,0,0.0000,100.0000,0.0000,0.0000,100.0000,0.0000,0.0000,100.0000,0.0000,0.0000,100.0000,0.0000,0.0000,100.0000,0.0000,0.0000,100.0000,0.0000,0.0000,100.0000,0.0000,100.0000,0.0000,0.0000,100.0000,0.0000,100.0000,0.0000,0.0000,0.0000,0,
"2016-08-31T15:00:00Z","2016-08-31T15:30:00Z",0.769,-3.243,4.164,5.064,180,0.344,0.168,0,0,0,0,0.0000,100.0000,0.0000,0.0000,100.0000,0.0000,0.0000,100.0000,0.0000,0.0000,100.0000,0.0000,0.0000,100.0000,0.0000,0.0000,100.0000,0.0000,0.0000,100.0000,0.0000,100.0000,0.0000,0.0000,100.0000,0.0000,100.0000,0.0000,0.0000,0.0000,0,
"2016-08-31T15:30:00Z","2016-08-31T16:00:00Z",6.163,4.167,8.768,1.703,180,0.280,0.097,0,0,0,0,0.0000,100.0000,0.0000,0.0000,100.0000,0.0000,0.0000,100.0000,0.0000,0.0000,100.0000,0.0000,0.0000,100.0000,0.0000,0.0000,100.0000,0.0000,0.0000,100.0000,0.0000,100.0000,0.0000,0.0000,100.0000,0.0000,100.0000,0.0000,0.0000,0.0000,0,
"2016-08-31T16:00:00Z","2016-08-31T16:30:00Z",10.958,8.796,13.396,3.412,77,0.541,0.211,1,0,1,0,0.0000,43.0000,57.0000,0.0000,100.0000,0.0000,0.0000,43.0000,57.0000,0.0000,100.0000,0.0000,0.0000,100.0000,0.0000,0.0000,43.0000,57.0000,10.0000,90.0000,0.0000,43.0000,57.0000,57.0000,43.0000,0.0000,43.0000,57.0000,57.0000,57.0000,1,
"2016-08-31T16:30:00Z","2016-08-31T17:00:00Z",14.201,13.404,15.265,0.276,180,0.442,0.039,0,0,0,0,0.0000,100.0000,0.0000,0.0000,100.0000,0.0000,0.0000,100.0000,0.0000,0.0000,100.0000,0.0000,0.0000,100.0000,0.0000,0.0000,100.0000,0.0000,0.0000,100.0000,0.0000,100.0000,0.0000,0.0000,100.0000,0.0000,100.0000,0.0000,0.0000,0.0000,0,
"2016-08-31T17:00:00Z","2016-08-31T17:30:00Z",19.230,15.296,24.996,9.148,180,0.739,0.225,0,0,0,0,0.0000,100.0000,0.0000,0.0000,100.0000,0.0000,0.0000,100.0000,0.0000,0.0000,100.0000,0.0000,0.0000,100.0000,0.0000,0.0000,100.0000,0.0000,0.0000,100.0000,0.0000,100.0000,0.0000,0.0000,100.0000,0.0000,100.0000,0.0000,0.0000,0.0000,0,
"2016-08-31T17:30:00Z","2016-08-31T18:00:00Z",31.582,25.055,37.436,14.029,180,1.107,0.279,0,0,0,0,0.0000,100.0000,0.0000,0.0000,100.0000,0.0000,0.0000,100.0000,0.0000,0.0000,100.0000,0.0000,0.0000,100.0000,0.0000,0.0000,100.0000,0.0000,0.0000,100.0000,0.0000,100.0000,0.0000,0.0000,100.0000,0.0000,100.0000,0.0000,0.0000,0.0000,0,
"2016-08-31T18:00:00Z","2016-08-31T18:30:00Z",43.605,37.511,50.465,13.486,180,1.426,0.274,0,0,0,0,0.0000,100.0000,0.0000,0.0000,100.0000,0.0000,0.0000,100.0000,0.0000,0.0000,100.0000,0.0000,0.0000,100.0000,0.0000,0.0000,100.0000,0.0000,0.0000,100.0000,0.0000,100.0000,0.0000,0.0000,100.0000,0.0000,100.0000,0.0000,0.0000,0.0000,0,
"2016-08-31T18:30:00Z","2016-08-31T19:00:00Z",58.027,50.556,64.438,17.064,180,1.855,0.308,0,0,0,0,0.0000,100.0000,0.0000,0.0000,100.0000,0.0000,0.0000,100.0000,0.0000,0.0000,100.0000,0.0000,0.0000,100.0000,0.0000,0.0000,100.0000,0.0000,0.0000,100.0000,0.0000,100.0000,0.0000,0.0000,100.0000,0.0000,100.0000,0.0000,0.0000,0.0000,0,
"2016-08-31T19:00:00Z","2016-08-31T19:30:00Z",66.454,64.488,67.592,0.632,138,2.007,0.068,1,0,1,0,0.0000,77.0000,23.0000,0.0000,100.0000,0.0000,0.0000,77.0000,23.0000,0.0000,100.0000,0.0000,0.0000,100.0000,0.0000,0.0000,77.0000,23.0000,10.0000,90.0000,0.0000,77.0000,23.0000,23.0000,77.0000,0.0000,77.0000,23.0000,23.0000,23.0000,1,
"2016-08-31T19:30:00Z","2016-08-31T20:00:00Z",67.680,66.557,69.807,1.083,119,2.049,0.095,0,0,1,0,0.0000,66.0000,34.0000,0.0000,100.0000,0.0000,0.0000,66.0000,34.0000,0.0000,100.0000,0.0000,0.0000,100.0000,0.0000,0.0000,66.0000,34.0000,0.0000,100.0000,0.0000,66.0000,34.0000,34.0000,66.0000,0.0000,66.0000,34.0000,34.0000,34.0000,1,
"2016-08-31T20:00:00Z","2016-08-31T20:30:00Z",72.762,69.859,74.685,1.922,180,2.203,0.103,0,0,0,0,0.0000,100.0000,0.0000,0.0000,100.0000,0.0000,0.0000,100.0000,0.0000,0.0000,100.0000,0.0000,0.0000,100.0000,0.0000,0.0000,100.0000,0.0000,0.0000,100.0000,0.0000,100.0000,0.0000,0.0000,100.0000,0.0000,100.0000,0.0000,0.0000,0.0000,0,
"2016-08-31T20:30:00Z","2016-08-31T21:00:00Z",73.999,73.610,74.700,0.138,180,2.230,0.028,0,0,0,0,0.0000,100.0000,0.0000,0.0000,100.0000,0.0000,0.0000,100.0000,0.0000,0.0000,100.0000,0.0000,0.0000,100.0000,0.0000,0.0000,100.0000,0.0000,0.0000,100.0000,0.0000,100.0000,0.0000,0.0000,100.0000,0.0000,100.0000,0.0000,0.0000,0.0000,0,
"2016-08-31T21:00:00Z","2016-08-31T21:30:00Z",73.629,71.624,74.214,0.509,180,2.221,0.053,0,0,0,0,0.0000,100.0000,0.0000,0.0000,100.0000,0.0000,0.0000,100.0000,0.0000,0.0000,100.0000,0.0000,0.0000,100.0000,0.0000,0.0000,100.0000,0.0000,0.0000,100.0000,0.0000,100.0000,0.0000,0.0000,100.0000,0.0000,100.0000,0.0000,0.0000,0.0000,0,
"2016-08-31T21:30:00Z","2016-08-31T22:00:00Z",65.487,58.840,71.580,15.704,180,2.061,0.295,0,0,0,0,0.0000,100.0000,0.0000,0.0000,100.0000,0.0000,0.0000,100.0000,0.0000,0.0000,100.0000,0.0000,0.0000,100.0000,0.0000,0.0000,100.0000,0.0000,0.0000,100.0000,0.0000,100.0000,0.0000,0.0000,100.0000,0.0000,100.0000,0.0000,0.0000,0.0000,0,
"2016-08-31T22:00:00Z","2016-08-31T22:30:00Z",55.873,53.576,58.776,2.060,180,1.699,0.107,0,0,0,0,0.0000,100.0000,0.0000,0.0000,100.0000,0.0000,0.0000,100.0000,0.0000,0.0000,100.0000,0.0000,0.0000,100.0000,0.0000,0.0000,100.0000,0.0000,0.0000,100.0000,0.0000,100.0000,0.0000,0.0000,100.0000,0.0000,100.0000,0.0000,0.0000,0.0000,0,
"2016-08-31T22:30:00Z","2016-08-31T23:00:00Z",51.529,48.566,53.548,3.464,77,1.611,0.212,1,0,1,0,0.0000,43.0000,57.0000,0.0000,100.0000,0.0000,0.0000,43.0000,57.0000,0.0000,100.0000,0.0000,0.0000,100.0000,0.0000,0.0000,43.0000,57.0000,10.0000,90.0000,0.0000,43.0000,57.0000,57.0000,43.0000,0.0000,43.0000,57.0000,57.0000,57.0000,1,
"2016-08-31T23:00:00Z","2016-08-31T23:30:00Z",44.297,39.714,48.518,6.515,180,1.390,0.190,0,0,0,0,0.0000,100.0000,0.0000,0.0000,100.0000,0.0000,0.0000,100.0000,0.0000,0.0000,100.0000,0.0000,0.0000,100.0000,0.0000,0.0000,100.0000,0.0000,0.0000,100.0000,0.0000,100.0000,0.0000,0.0000,100.0000,0.0000,100.0000,0.0000,0.0000,0.0000,0,
"2016-08-31T23:30:00Z","2016-09-01T00:00:00Z",34.550,29.313,39.658,9.148,180,1.138,0.225,0,0,0,0,0.0000,100.0000,0.0000,0.0000,100.0000,0.0000,0.0000,100.0000,0.0000,0.0000,100.0000,0.0000,0.0000,100.0000,0.0000,0.0000,100.0000,0.0000,0.0000,100.0000,0.0000,100.0000,0.0000,0.0000,100.0000,0.0000,100.0000,0.0000,0.0000,0.0000,0,
