startDateTime,endDateTime,SHFMean,SHFMinimum,SHFMaximum,SHFVariance,SHFNumPts,SHFExpUncert,SHFStdErMean,finalQF
"2017-02-08T00:00:00Z","2017-02-08T00:30:00Z",,,,,,,,1
"2017-02-08T00:30:00Z","2017-02-08T01:00:00Z",-0.737,-0.764,-0.719,0.000,58,0.022,0.001,1
"2017-02-08T01:00:00Z","2017-02-08T01:30:00Z",-0.755,-0.788,-0.729,0.000,174,0.023,0.001,1
"2017-02-08T01:30:00Z","2017-02-08T02:00:00Z",-1.183,-1.530,-0.902,0.034,83,0.092,0.020,1
"2017-02-08T02:00:00Z","2017-02-08T02:30:00Z",-0.764,-0.930,-0.704,0.003,180,0.079,0.004,0
"2017-02-08T02:30:00Z","2017-02-08T03:00:00Z",-0.759,-0.800,-0.718,0.000,180,0.079,0.001,0
"2017-02-08T03:00:00Z","2017-02-08T03:30:00Z",-0.812,-0.851,-0.775,0.000,180,0.079,0.001,0
"2017-02-08T03:30:00Z","2017-02-08T04:00:00Z",-0.851,-0.882,-0.817,0.000,180,0.080,0.001,0
"2017-02-08T04:00:00Z","2017-02-08T04:30:00Z",-0.877,-0.910,-0.845,0.000,180,0.080,0.001,0
"2017-02-08T04:30:00Z","2017-02-08T05:00:00Z",-0.895,-0.919,-0.868,0.000,84,0.080,0.001,1
"2017-02-08T05:00:00Z","2017-02-08T05:30:00Z",-1.015,-1.555,-0.735,0.058,173,0.089,0.018,0
"2017-02-08T05:30:00Z","2017-02-08T06:00:00Z",-0.756,-0.791,-0.724,0.000,180,0.079,0.001,0
"2017-02-08T06:00:00Z","2017-02-08T06:30:00Z",-0.798,-0.837,-0.752,0.000,180,0.079,0.001,0
"2017-02-08T06:30:00Z","2017-02-08T07:00:00Z",-0.841,-0.873,-0.806,0.000,180,0.079,0.001,0
"2017-02-08T07:00:00Z","2017-02-08T07:30:00Z",-0.871,-0.902,-0.842,0.000,180,0.080,0.001,0
"2017-02-08T07:30:00Z","2017-02-08T08:00:00Z",-0.893,-0.922,-0.862,0.000,174,0.080,0.001,0
"2017-02-08T08:00:00Z","2017-02-08T08:30:00Z",-1.242,-1.572,-0.967,0.036,83,0.093,0.021,1
"2017-02-08T08:30:00Z","2017-02-08T09:00:00Z",-0.799,-0.958,-0.735,0.003,180,0.079,0.004,0
"2017-02-08T09:00:00Z","2017-02-08T09:30:00Z",-0.777,-0.814,-0.738,0.000,180,0.079,0.001,0
"2017-02-08T09:30:00Z","2017-02-08T10:00:00Z",-0.822,-0.865,-0.786,0.000,180,0.079,0.001,0
"2017-02-08T10:00:00Z","2017-02-08T10:30:00Z",-0.856,-0.888,-0.823,0.000,180,0.080,0.001,0
"2017-02-08T10:30:00Z","2017-02-08T11:00:00Z",-0.881,-0.907,-0.854,0.000,180,0.080,0.001,0
"2017-02-08T11:00:00Z","2017-02-08T11:30:00Z",-0.892,-0.913,-0.868,0.000,84,0.080,0.001,1
"2017-02-08T11:30:00Z","2017-02-08T12:00:00Z",-1.053,-1.606,-0.769,0.063,173,0.090,0.019,0
"2017-02-08T12:00:00Z","2017-02-08T12:30:00Z",-0.765,-0.800,-0.735,0.000,180,0.079,0.001,0
"2017-02-08T12:30:00Z","2017-02-08T13:00:00Z",-0.802,-0.843,-0.763,0.000,180,0.079,0.001,0
"2017-02-08T13:00:00Z","2017-02-08T13:30:00Z",-0.839,-0.874,-0.809,0.000,180,0.079,0.001,0
"2017-02-08T13:30:00Z","2017-02-08T14:00:00Z",-0.865,-0.896,-0.831,0.000,180,0.080,0.001,0
"2017-02-08T14:00:00Z","2017-02-08T14:30:00Z",-0.880,-0.913,-0.837,0.000,174,0.080,0.001,0
"2017-02-08T14:30:00Z","2017-02-08T15:00:00Z",-1.289,-1.615,-0.998,0.038,83,0.094,0.021,1
"2017-02-08T15:00:00Z","2017-02-08T15:30:00Z",-0.817,-1.021,-0.738,0.005,180,0.080,0.005,0
"2017-02-08T15:30:00Z","2017-02-08T16:00:00Z",-0.776,-0.817,-0.741,0.000,180,0.079,0.001,0
"2017-02-08T16:00:00Z","2017-02-08T16:30:00Z",-0.820,-0.848,-0.778,0.000,180,0.079,0.001,0
"2017-02-08T16:30:00Z","2017-02-08T17:00:00Z",-0.848,-0.882,-0.817,0.000,180,0.079,0.001,0
"2017-02-08T17:00:00Z","2017-02-08T17:30:00Z",-0.870,-0.896,-0.843,0.000,180,0.080,0.001,0
"2017-02-08T17:30:00Z","2017-02-08T18:00:00Z",-0.880,-0.905,-0.860,0.000,84,0.080,0.001,1
"2017-02-08T18:00:00Z","2017-02-08T18:30:00Z",-1.079,-1.640,-0.778,0.068,173,0.091,0.020,0
"2017-02-08T18:30:00Z","2017-02-08T19:00:00Z",-0.762,-0.806,-0.732,0.000,180,0.079,0.001,0
"2017-02-08T19:00:00Z","2017-02-08T19:30:00Z",-0.792,-0.826,-0.755,0.000,180,0.079,0.001,0
"2017-02-08T19:30:00Z","2017-02-08T20:00:00Z",-0.827,-0.857,-0.789,0.000,180,0.079,0.001,0
"2017-02-08T20:00:00Z","2017-02-08T20:30:00Z",-0.855,-0.891,-0.820,0.000,180,0.080,0.001,0
"2017-02-08T20:30:00Z","2017-02-08T21:00:00Z",-0.872,-0.896,-0.834,0.000,174,0.080,0.001,0
"2017-02-08T21:00:00Z","2017-02-08T21:30:00Z",-1.322,-1.655,-1.032,0.038,83,0.095,0.021,1
"2017-02-08T21:30:00Z","2017-02-08T22:00:00Z",-0.822,-1.030,-0.735,0.006,180,0.080,0.006,0
"2017-02-08T22:00:00Z","2017-02-08T22:30:00Z",-0.765,-0.803,-0.733,0.000,180,0.079,0.001,0
"2017-02-08T22:30:00Z","2017-02-08T23:00:00Z",-0.803,-0.837,-0.769,0.000,180,0.079,0.001,0
"2017-02-08T23:00:00Z","2017-02-08T23:30:00Z",-0.834,-0.871,-0.798,0.000,180,0.079,0.001,0
"2017-02-08T23:30:00Z","2017-02-09T00:00:00Z",-0.858,-0.897,-0.829,0.000,180,0.080,0.001,0
"2017-02-09T00:00:00Z","2017-02-09T00:30:00Z",-0.871,-0.894,-0.843,0.000,84,0.080,0.001,1
"2017-02-09T00:30:00Z","2017-02-09T01:00:00Z",-1.101,-1.681,-0.786,0.071,173,0.091,0.020,0
"2017-02-09T01:00:00Z","2017-02-09T01:30:00Z",-0.762,-0.806,-0.730,0.000,180,0.079,0.001,0
"2017-02-09T01:30:00Z","2017-02-09T02:00:00Z",-0.781,-0.820,-0.750,0.000,180,0.079,0.001,0
"2017-02-09T02:00:00Z","2017-02-09T02:30:00Z",-0.819,-0.849,-0.781,0.000,180,0.079,0.001,0
"2017-02-09T02:30:00Z","2017-02-09T03:00:00Z",-0.845,-0.877,-0.812,0.000,180,0.080,0.001,0
"2017-02-09T03:00:00Z","2017-02-09T03:30:00Z",-0.862,-0.888,-0.837,0.000,174,0.080,0.001,0
"2017-02-09T03:30:00Z","2017-02-09T04:00:00Z",-1.348,-1.681,-1.050,0.037,83,0.095,0.021,1
"2017-02-09T04:00:00Z","2017-02-09T04:30:00Z",-0.832,-1.050,-0.744,0.007,180,0.080,0.006,0
"2017-02-09T04:30:00Z","2017-02-09T05:00:00Z",-0.761,-0.789,-0.730,0.000,180,0.079,0.001,0
"2017-02-09T05:00:00Z","2017-02-09T05:30:00Z",-0.796,-0.826,-0.761,0.000,180,0.079,0.001,0
"2017-02-09T05:30:00Z","2017-02-09T06:00:00Z",-0.827,-0.863,-0.801,0.000,180,0.079,0.001,0
"2017-02-09T06:00:00Z","2017-02-09T06:30:00Z",-0.848,-0.877,-0.823,0.000,180,0.080,0.001,0
"2017-02-09T06:30:00Z","2017-02-09T07:00:00Z",-0.862,-0.883,-0.843,0.000,84,0.080,0.001,1
"2017-02-09T07:00:00Z","2017-02-09T07:30:00Z",-1.126,-1.690,-0.807,0.073,173,0.092,0.020,0
"2017-02-09T07:30:00Z","2017-02-09T08:00:00Z",-0.765,-0.821,-0.733,0.000,180,0.079,0.001,0
"2017-02-09T08:00:00Z","2017-02-09T08:30:00Z",-0.780,-0.812,-0.747,0.000,180,0.079,0.001,0
"2017-02-09T08:30:00Z","2017-02-09T09:00:00Z",-0.809,-0.849,-0.776,0.000,180,0.079,0.001,0
"2017-02-09T09:00:00Z","2017-02-09T09:30:00Z",-0.837,-0.869,-0.810,0.000,180,0.079,0.001,0
"2017-02-09T09:30:00Z","2017-02-09T10:00:00Z",-0.855,-0.883,-0.824,0.000,174,0.080,0.001,0
"2017-02-09T10:00:00Z","2017-02-09T10:30:00Z",-1.372,-1.701,-1.078,0.037,83,0.095,0.021,1
"2017-02-09T10:30:00Z","2017-02-09T11:00:00Z",-0.853,-1.073,-0.742,0.008,180,0.081,0.007,0
"2017-02-09T11:00:00Z","2017-02-09T11:30:00Z",-0.767,-0.795,-0.736,0.000,180,0.079,0.001,0
"2017-02-09T11:30:00Z","2017-02-09T12:00:00Z",-0.792,-0.832,-0.761,0.000,180,0.079,0.001,0
"2017-02-09T12:00:00Z","2017-02-09T12:30:00Z",-0.821,-0.849,-0.795,0.000,180,0.079,0.001,0
"2017-02-09T12:30:00Z","2017-02-09T13:00:00Z",-0.843,-0.877,-0.815,0.000,180,0.080,0.001,0
"2017-02-09T13:00:00Z","2017-02-09T13:30:00Z",-0.858,-0.883,-0.832,0.000,84,0.080,0.001,1
"2017-02-09T13:30:00Z","2017-02-09T14:00:00Z",-1.151,-1.713,-0.824,0.069,173,0.092,0.020,0
"2017-02-09T14:00:00Z","2017-02-09T14:30:00Z",-0.785,-0.852,-0.742,0.000,180,0.079,0.002,0
"2017-02-09T14:30:00Z","2017-02-09T15:00:00Z",-0.784,-0.813,-0.748,0.000,180,0.079,0.001,0
"2017-02-09T15:00:00Z","2017-02-09T15:30:00Z",-0.809,-0.841,-0.773,0.000,180,0.079,0.001,0
"2017-02-09T15:30:00Z","2017-02-09T16:00:00Z",-0.836,-0.864,-0.801,0.000,180,0.079,0.001,0
"2017-02-09T16:00:00Z","2017-02-09T16:30:00Z",-0.854,-0.883,-0.824,0.000,174,0.080,0.001,0
"2017-02-09T16:30:00Z","2017-02-09T17:00:00Z",-1.385,-1.713,-1.107,0.034,83,0.095,0.020,1
"2017-02-09T17:00:00Z","2017-02-09T17:30:00Z",-0.879,-1.113,-0.765,0.008,180,0.081,0.007,0
"2017-02-09T17:30:00Z","2017-02-09T18:00:00Z",-0.777,-0.807,-0.753,0.000,180,0.079,0.001,0
"2017-02-09T18:00:00Z","2017-02-09T18:30:00Z",-0.801,-0.835,-0.767,0.000,180,0.079,0.001,0
"2017-02-09T18:30:00Z","2017-02-09T19:00:00Z",-0.826,-0.861,-0.784,0.000,180,0.079,0.001,0
"2017-02-09T19:00:00Z","2017-02-09T19:30:00Z",-0.848,-0.872,-0.818,0.000,180,0.080,0.001,0
"2017-02-09T19:30:00Z","2017-02-09T20:00:00Z",-0.858,-0.878,-0.838,0.000,84,0.080,0.001,1
"2017-02-09T20:00:00Z","2017-02-09T20:30:00Z",-1.165,-1.677,-0.850,0.063,173,0.091,0.019,0
"2017-02-09T20:30:00Z","2017-02-09T21:00:00Z",-0.802,-0.861,-0.762,0.000,180,0.079,0.002,0
"2017-02-09T21:00:00Z","2017-02-09T21:30:00Z",-0.790,-0.824,-0.765,0.000,180,0.079,0.001,0
"2017-02-09T21:30:00Z","2017-02-09T22:00:00Z",-0.811,-0.847,-0.787,0.000,180,0.079,0.001,0
"2017-02-09T22:00:00Z","2017-02-09T22:30:00Z",-0.836,-0.870,-0.802,0.000,180,0.080,0.001,0
"2017-02-09T22:30:00Z","2017-02-09T23:00:00Z",-0.857,-0.881,-0.821,0.000,174,0.080,0.001,0
"2017-02-09T23:00:00Z","2017-02-09T23:30:00Z",-1.388,-1.663,-1.122,0.030,83,0.094,0.019,1
"2017-02-09T23:30:00Z","2017-02-10T00:00:00Z",-0.903,-1.125,-0.796,0.007,180,0.081,0.006,0
"2017-02-10T00:00:00Z","2017-02-10T00:30:00Z",-0.797,-0.825,-0.768,0.000,180,0.079,0.001,0
"2017-02-10T00:30:00Z","2017-02-10T01:00:00Z",-0.814,-0.856,-0.788,0.000,180,0.079,0.001,0
"2017-02-10T01:00:00Z","2017-02-10T01:30:00Z",-0.841,-0.895,-0.788,0.000,180,0.080,0.001,0
"2017-02-10T01:30:00Z","2017-02-10T02:00:00Z",-0.862,-0.893,-0.830,0.000,180,0.080,0.001,0
"2017-02-10T02:00:00Z","2017-02-10T02:30:00Z",-0.872,-0.893,-0.847,0.000,84,0.080,0.001,1
"2017-02-10T02:30:00Z","2017-02-10T03:00:00Z",-1.185,-1.683,-0.890,0.059,173,0.091,0.018,0
"2017-02-10T03:00:00Z","2017-02-10T03:30:00Z",-0.833,-0.898,-0.796,0.001,180,0.080,0.002,0
"2017-02-10T03:30:00Z","2017-02-10T04:00:00Z",-0.815,-0.839,-0.791,0.000,180,0.079,0.001,0
"2017-02-10T04:00:00Z","2017-02-10T04:30:00Z",-0.835,-0.867,-0.808,0.000,180,0.080,0.001,0
"2017-02-10T04:30:00Z","2017-02-10T05:00:00Z",-0.859,-0.893,-0.836,0.000,180,0.080,0.001,0
"2017-02-10T05:00:00Z","2017-02-10T05:30:00Z",-0.875,-0.898,-0.847,0.000,174,0.080,0.001,0
"2017-02-10T05:30:00Z","2017-02-10T06:00:00Z",-1.401,-1.667,-1.139,0.026,83,0.093,0.018,1
"2017-02-10T06:00:00Z","2017-02-10T06:30:00Z",-0.934,-1.156,-0.822,0.008,180,0.081,0.006,0
"2017-02-10T06:30:00Z","2017-02-10T07:00:00Z",-0.827,-0.853,-0.799,0.000,180,0.079,0.001,0
"2017-02-10T07:00:00Z","2017-02-10T07:30:00Z",-0.837,-0.870,-0.805,0.000,180,0.080,0.001,0
"2017-02-10T07:30:00Z","2017-02-10T08:00:00Z",-0.856,-0.887,-0.825,0.000,180,0.080,0.001,0
"2017-02-10T08:00:00Z","2017-02-10T08:30:00Z",-0.876,-0.901,-0.842,0.000,180,0.080,0.001,0
"2017-02-10T08:30:00Z","2017-02-10T09:00:00Z",-0.885,-0.907,-0.862,0.000,84,0.080,0.001,1
"2017-02-10T09:00:00Z","2017-02-10T09:30:00Z",-1.203,-1.641,-0.916,0.051,173,0.090,0.017,0
"2017-02-10T09:30:00Z","2017-02-10T10:00:00Z",-0.870,-0.933,-0.825,0.001,124,0.080,0.002,1
"2017-02-10T10:00:00Z","2017-02-10T10:30:00Z",-0.840,-0.873,-0.811,0.000,122,0.080,0.001,1
"2017-02-10T10:30:00Z","2017-02-10T11:00:00Z",-0.837,-0.862,-0.808,0.000,180,0.080,0.001,0
"2017-02-10T11:00:00Z","2017-02-10T11:30:00Z",-0.838,-0.859,-0.819,0.000,180,0.080,0.001,0
"2017-02-10T11:30:00Z","2017-02-10T12:00:00Z",-0.837,-0.856,-0.814,0.000,180,0.080,0.001,0
"2017-02-10T12:00:00Z","2017-02-10T12:30:00Z",-0.834,-0.859,-0.811,0.000,180,0.080,0.001,1
"2017-02-10T12:30:00Z","2017-02-10T13:00:00Z",-0.828,-0.853,-0.802,0.000,180,0.025,0.001,1
"2017-02-10T13:00:00Z","2017-02-10T13:30:00Z",-0.820,-0.845,-0.794,0.000,180,0.025,0.001,1
"2017-02-10T13:30:00Z","2017-02-10T14:00:00Z",-0.814,-0.842,-0.791,0.000,180,0.024,0.001,1
"2017-02-10T14:00:00Z","2017-02-10T14:30:00Z",-0.804,-0.828,-0.774,0.000,180,0.024,0.001,1
"2017-02-10T14:30:00Z","2017-02-10T15:00:00Z",-0.797,-0.825,-0.771,0.000,180,0.024,0.001,1
"2017-02-10T15:00:00Z","2017-02-10T15:30:00Z",-0.791,-0.814,-0.765,0.000,180,0.024,0.001,1
"2017-02-10T15:30:00Z","2017-02-10T16:00:00Z",-0.784,-0.814,-0.765,0.000,180,0.024,0.001,1
"2017-02-10T16:00:00Z","2017-02-10T16:30:00Z",-0.778,-0.808,-0.754,0.000,180,0.023,0.001,1
"2017-02-10T16:30:00Z","2017-02-10T17:00:00Z",-0.774,-0.797,-0.748,0.000,180,0.023,0.001,1
"2017-02-10T17:00:00Z","2017-02-10T17:30:00Z",-0.771,-0.794,-0.748,0.000,180,0.023,0.001,1
"2017-02-10T17:30:00Z","2017-02-10T18:00:00Z",-0.769,-0.797,-0.745,0.000,180,0.023,0.001,1
"2017-02-10T18:00:00Z","2017-02-10T18:30:00Z",-0.766,-0.788,-0.740,0.000,180,0.023,0.001,1
"2017-02-10T18:30:00Z","2017-02-10T19:00:00Z",-0.765,-0.794,-0.745,0.000,180,0.023,0.001,1
"2017-02-10T19:00:00Z","2017-02-10T19:30:00Z",-0.764,-0.794,-0.743,0.000,180,0.023,0.001,1
"2017-02-10T19:30:00Z","2017-02-10T20:00:00Z",-0.764,-0.791,-0.740,0.000,180,0.023,0.001,1
"2017-02-10T20:00:00Z","2017-02-10T20:30:00Z",-0.766,-0.791,-0.740,0.000,180,0.023,0.001,1
"2017-02-10T20:30:00Z","2017-02-10T21:00:00Z",-0.765,-0.791,-0.734,0.000,180,0.023,0.001,1
"2017-02-10T21:00:00Z","2017-02-10T21:30:00Z",-0.771,-0.797,-0.748,0.000,180,0.023,0.001,1
"2017-02-10T21:30:00Z","2017-02-10T22:00:00Z",-0.776,-0.802,-0.751,0.000,180,0.023,0.001,1
"2017-02-10T22:00:00Z","2017-02-10T22:30:00Z",-0.780,-0.802,-0.760,0.000,180,0.023,0.001,1
"2017-02-10T22:30:00Z","2017-02-10T23:00:00Z",-0.786,-0.805,-0.762,0.000,180,0.024,0.001,1
"2017-02-10T23:00:00Z","2017-02-10T23:30:00Z",-0.793,-0.819,-0.768,0.000,180,0.024,0.001,1
"2017-02-10T23:30:00Z","2017-02-11T00:00:00Z",-0.801,-0.825,-0.777,0.000,180,0.024,0.001,1
"2017-02-11T00:00:00Z","2017-02-11T00:30:00Z",-0.702,-0.719,-0.680,0.000,180,0.021,0.001,1
"2017-02-11T00:30:00Z","2017-02-11T01:00:00Z",-0.708,-0.729,-0.685,0.000,180,0.021,0.001,1
"2017-02-11T01:00:00Z","2017-02-11T01:30:00Z",-0.715,-0.736,-0.690,0.000,180,0.022,0.001,1
"2017-02-11T01:30:00Z","2017-02-11T02:00:00Z",-0.720,-0.751,-0.670,0.000,180,0.022,0.001,1
"2017-02-11T02:00:00Z","2017-02-11T02:30:00Z",-0.728,-0.749,-0.704,0.000,180,0.022,0.001,1
"2017-02-11T02:30:00Z","2017-02-11T03:00:00Z",-0.736,-0.764,-0.717,0.000,180,0.022,0.001,1
"2017-02-11T03:00:00Z","2017-02-11T03:30:00Z",-0.744,-0.771,-0.722,0.000,180,0.022,0.001,1
"2017-02-11T03:30:00Z","2017-02-11T04:00:00Z",-0.751,-0.778,-0.729,0.000,180,0.023,0.001,1
"2017-02-11T04:00:00Z","2017-02-11T04:30:00Z",-0.757,-0.786,-0.739,0.000,180,0.023,0.001,1
"2017-02-11T04:30:00Z","2017-02-11T05:00:00Z",-0.767,-0.793,-0.749,0.000,180,0.023,0.001,1
"2017-02-11T05:00:00Z","2017-02-11T05:30:00Z",-0.775,-0.803,-0.751,0.000,180,0.023,0.001,1
"2017-02-11T05:30:00Z","2017-02-11T06:00:00Z",-0.784,-0.805,-0.759,0.000,180,0.024,0.001,1
"2017-02-11T06:00:00Z","2017-02-11T06:30:00Z",-0.790,-0.818,-0.771,0.000,180,0.024,0.001,1
"2017-02-11T06:30:00Z","2017-02-11T07:00:00Z",-0.796,-0.820,-0.771,0.000,180,0.024,0.001,1
"2017-02-11T07:00:00Z","2017-02-11T07:30:00Z",-0.805,-0.828,-0.786,0.000,180,0.024,0.001,1
"2017-02-11T07:30:00Z","2017-02-11T08:00:00Z",-0.813,-0.837,-0.791,0.000,180,0.024,0.001,1
"2017-02-11T08:00:00Z","2017-02-11T08:30:00Z",-0.824,-0.850,-0.808,0.000,180,0.025,0.001,1
"2017-02-11T08:30:00Z","2017-02-11T09:00:00Z",-0.831,-0.860,-0.808,0.000,180,0.025,0.001,1
"2017-02-11T09:00:00Z","2017-02-11T09:30:00Z",-0.837,-0.862,-0.815,0.000,180,0.025,0.001,1
"2017-02-11T09:30:00Z","2017-02-11T10:00:00Z",-0.845,-0.867,-0.820,0.000,180,0.025,0.001,1
"2017-02-11T10:00:00Z","2017-02-11T10:30:00Z",-0.852,-0.874,-0.830,0.000,180,0.026,0.001,1
"2017-02-11T10:30:00Z","2017-02-11T11:00:00Z",-0.860,-0.882,-0.840,0.000,180,0.026,0.001,1
"2017-02-11T11:00:00Z","2017-02-11T11:30:00Z",-0.869,-0.894,-0.850,0.000,180,0.026,0.001,1
"2017-02-11T11:30:00Z","2017-02-11T12:00:00Z",-0.874,-0.901,-0.855,0.000,180,0.026,0.001,1
"2017-02-11T12:00:00Z","2017-02-11T12:30:00Z",-0.883,-0.906,-0.862,0.000,180,0.027,0.001,1
"2017-02-11T12:30:00Z","2017-02-11T13:00:00Z",-0.889,-0.914,-0.872,0.000,180,0.027,0.001,1
"2017-02-11T13:00:00Z","2017-02-11T13:30:00Z",-0.894,-0.914,-0.874,0.000,180,0.027,0.001,1
"2017-02-11T13:30:00Z","2017-02-11T14:00:00Z",-0.904,-0.926,-0.879,0.000,180,0.027,0.001,1
"2017-02-11T14:00:00Z","2017-02-11T14:30:00Z",-0.911,-0.941,-0.892,0.000,180,0.027,0.001,1
"2017-02-11T14:30:00Z","2017-02-11T15:00:00Z",-0.921,-0.943,-0.901,0.000,180,0.028,0.001,1
"2017-02-11T15:00:00Z","2017-02-11T15:30:00Z",-0.928,-0.956,-0.906,0.000,180,0.028,0.001,1
"2017-02-11T15:30:00Z","2017-02-11T16:00:00Z",-0.934,-0.956,-0.911,0.000,180,0.028,0.001,1
"2017-02-11T16:00:00Z","2017-02-11T16:30:00Z",-0.941,-0.965,-0.924,0.000,102,0.028,0.001,1
"2017-02-11T16:30:00Z","2017-02-11T17:00:00Z",-1.536,-1.862,-1.270,0.032,155,0.092,0.014,1
"2017-02-11T17:00:00Z","2017-02-11T17:30:00Z",-1.172,-1.301,-1.091,0.002,180,0.082,0.004,0
"2017-02-11T17:30:00Z","2017-02-11T18:00:00Z",-1.093,-1.125,-1.066,0.000,180,0.081,0.001,0
"2017-02-11T18:00:00Z","2017-02-11T18:30:00Z",-1.079,-1.105,-1.055,0.000,180,0.081,0.001,0
"2017-02-11T18:30:00Z","2017-02-11T19:00:00Z",-1.083,-1.122,-1.044,0.000,180,0.081,0.001,0
"2017-02-11T19:00:00Z","2017-02-11T19:30:00Z",-1.091,-1.119,-1.069,0.000,180,0.081,0.001,0
"2017-02-11T19:30:00Z","2017-02-11T20:00:00Z",-1.600,-1.785,-1.083,0.051,77,0.103,0.026,1
"2017-02-11T20:00:00Z","2017-02-11T20:30:00Z",-1.347,-1.578,-1.199,0.011,180,0.087,0.008,0
"2017-02-11T20:30:00Z","2017-02-11T21:00:00Z",-1.170,-1.233,-1.128,0.000,180,0.083,0.002,0
"2017-02-11T21:00:00Z","2017-02-11T21:30:00Z",-1.148,-1.176,-1.122,0.000,180,0.083,0.001,0
"2017-02-11T21:30:00Z","2017-02-11T22:00:00Z",-1.159,-1.193,-1.116,0.000,180,0.083,0.001,0
"2017-02-11T22:00:00Z","2017-02-11T22:30:00Z",-1.189,-1.227,-1.156,0.000,180,0.083,0.001,0
"2017-02-11T22:30:00Z","2017-02-11T23:00:00Z",-1.213,-1.241,-1.190,0.000,102,0.084,0.001,1
"2017-02-11T23:00:00Z","2017-02-11T23:30:00Z",-1.750,-1.912,-1.585,0.011,155,0.094,0.008,1
"2017-02-11T23:30:00Z","2017-02-12T00:00:00Z",-1.546,-1.605,-1.504,0.000,180,0.090,0.001,0
"2017-02-12T00:00:00Z","2017-02-12T00:30:00Z",-1.528,-1.567,-1.489,0.000,180,0.089,0.001,0
"2017-02-12T00:30:00Z","2017-02-12T01:00:00Z",-1.494,-1.541,-1.463,0.000,180,0.089,0.001,0
"2017-02-12T01:00:00Z","2017-02-12T01:30:00Z",-1.495,-1.518,-1.469,0.000,180,0.089,0.001,0
"2017-02-12T01:30:00Z","2017-02-12T02:00:00Z",-1.505,-1.538,-1.472,0.000,180,0.089,0.001,0
"2017-02-12T02:00:00Z","2017-02-12T02:30:00Z",-1.925,-2.071,-1.495,0.035,77,0.112,0.021,1
"2017-02-12T02:30:00Z","2017-02-12T03:00:00Z",-1.968,-2.081,-1.867,0.003,180,0.104,0.004,0
"2017-02-12T03:00:00Z","2017-02-12T03:30:00Z",-1.832,-1.896,-1.782,0.001,180,0.102,0.002,0
"2017-02-12T03:30:00Z","2017-02-12T04:00:00Z",-1.786,-1.824,-1.760,0.000,180,0.101,0.001,0
"2017-02-12T04:00:00Z","2017-02-12T04:30:00Z",-1.777,-1.802,-1.753,0.000,180,0.101,0.001,0
"2017-02-12T04:30:00Z","2017-02-12T05:00:00Z",-1.778,-1.805,-1.753,0.000,180,0.101,0.001,0
"2017-02-12T05:00:00Z","2017-02-12T05:30:00Z",-1.777,-1.799,-1.753,0.000,102,0.101,0.001,1
"2017-02-12T05:30:00Z","2017-02-12T06:00:00Z",-2.075,-2.153,-1.794,0.007,155,0.110,0.007,1
"2017-02-12T06:00:00Z","2017-02-12T06:30:00Z",-2.028,-2.098,-1.956,0.001,180,0.108,0.003,0
"2017-02-12T06:30:00Z","2017-02-12T07:00:00Z",-1.944,-1.990,-1.899,0.000,180,0.107,0.002,0
"2017-02-12T07:00:00Z","2017-02-12T07:30:00Z",-1.907,-1.936,-1.878,0.000,180,0.106,0.001,0
"2017-02-12T07:30:00Z","2017-02-12T08:00:00Z",-1.884,-1.966,-1.838,0.000,180,0.106,0.001,0
"2017-02-12T08:00:00Z","2017-02-12T08:30:00Z",-1.878,-1.909,-1.855,0.000,180,0.106,0.001,0
"2017-02-12T08:30:00Z","2017-02-12T09:00:00Z",-2.044,-2.163,-1.865,0.010,77,0.111,0.011,1
"2017-02-12T09:00:00Z","2017-02-12T09:30:00Z",-2.094,-2.163,-2.028,0.001,180,0.109,0.002,0
"2017-02-12T09:30:00Z","2017-02-12T10:00:00Z",-2.012,-2.072,-1.970,0.000,180,0.108,0.001,0
"2017-02-12T10:00:00Z","2017-02-12T10:30:00Z",-1.999,-2.109,-1.923,0.001,180,0.108,0.002,0
"2017-02-12T10:30:00Z","2017-02-12T11:00:00Z",-2.008,-2.096,-1.940,0.001,180,0.108,0.002,0
"2017-02-12T11:00:00Z","2017-02-12T11:30:00Z",-2.010,-2.041,-1.963,0.000,180,0.108,0.001,0
"2017-02-12T11:30:00Z","2017-02-12T12:00:00Z",-2.031,-2.065,-2.007,0.000,102,0.108,0.001,1
"2017-02-12T12:00:00Z","2017-02-12T12:30:00Z",-2.225,-2.487,-2.042,0.015,155,0.105,0.010,1
"2017-02-12T12:30:00Z","2017-02-12T13:00:00Z",-1.975,-2.084,-1.870,0.003,180,0.099,0.004,0
"2017-02-12T13:00:00Z","2017-02-12T13:30:00Z",-1.887,-1.932,-1.846,0.000,180,0.097,0.001,0
"2017-02-12T13:30:00Z","2017-02-12T14:00:00Z",-1.869,-1.950,-1.801,0.000,180,0.097,0.001,0
"2017-02-12T14:00:00Z","2017-02-12T14:30:00Z",-1.861,-1.890,-1.843,0.000,180,0.097,0.001,0
"2017-02-12T14:30:00Z","2017-02-12T15:00:00Z",-1.856,-1.881,-1.840,0.000,180,0.096,0.001,0
"2017-02-12T15:00:00Z","2017-02-12T15:30:00Z",-2.287,-2.603,-1.843,0.047,77,0.112,0.025,1
"2017-02-12T15:30:00Z","2017-02-12T16:00:00Z",-2.013,-2.194,-1.898,0.006,180,0.096,0.006,0
"2017-02-12T16:00:00Z","2017-02-12T16:30:00Z",-1.858,-1.912,-1.822,0.001,180,0.093,0.002,0
"2017-02-12T16:30:00Z","2017-02-12T17:00:00Z",-1.806,-1.856,-1.771,0.000,180,0.092,0.001,0
"2017-02-12T17:00:00Z","2017-02-12T17:30:00Z",-1.772,-1.802,-1.749,0.000,180,0.092,0.001,0
"2017-02-12T17:30:00Z","2017-02-12T18:00:00Z",-1.753,-1.785,-1.729,0.000,180,0.091,0.001,0
"2017-02-12T18:00:00Z","2017-02-12T18:30:00Z",-1.744,-1.768,-1.720,0.000,102,0.091,0.001,1
"2017-02-12T18:30:00Z","2017-02-12T19:00:00Z",-2.116,-2.591,-1.880,0.036,155,0.101,0.015,1
"2017-02-12T19:00:00Z","2017-02-12T19:30:00Z",-1.820,-1.916,-1.759,0.001,180,0.091,0.003,0
"2017-02-12T19:30:00Z","2017-02-12T20:00:00Z",-1.742,-1.784,-1.693,0.000,180,0.089,0.001,0
"2017-02-12T20:00:00Z","2017-02-12T20:30:00Z",-1.713,-1.743,-1.685,0.000,180,0.089,0.001,0
"2017-02-12T20:30:00Z","2017-02-12T21:00:00Z",-1.700,-1.721,-1.680,0.000,180,0.089,0.001,0
"2017-02-12T21:00:00Z","2017-02-12T21:30:00Z",-1.696,-1.726,-1.669,0.000,180,0.089,0.001,0
"2017-02-12T21:30:00Z","2017-02-12T22:00:00Z",-2.212,-2.629,-1.666,0.069,77,0.115,0.030,1
"2017-02-12T22:00:00Z","2017-02-12T22:30:00Z",-1.902,-2.104,-1.790,0.006,180,0.093,0.006,0
"2017-02-12T22:30:00Z","2017-02-12T23:00:00Z",-1.770,-1.823,-1.730,0.000,180,0.090,0.001,0
"2017-02-12T23:00:00Z","2017-02-12T23:30:00Z",-1.733,-1.768,-1.708,0.000,180,0.089,0.001,0
"2017-02-12T23:30:00Z","2017-02-13T00:00:00Z",-1.721,-1.744,-1.697,0.000,180,0.089,0.001,0
"2017-02-13T00:00:00Z","2017-02-13T00:30:00Z",-1.717,-1.749,-1.697,0.000,180,0.089,0.001,0
"2017-02-13T00:30:00Z","2017-02-13T01:00:00Z",-1.715,-1.741,-1.694,0.000,102,0.089,0.001,1
"2017-02-13T01:00:00Z","2017-02-13T01:30:00Z",-2.158,-2.800,-1.874,0.063,155,0.104,0.020,1
"2017-02-13T01:30:00Z","2017-02-13T02:00:00Z",-1.807,-1.887,-1.755,0.001,180,0.090,0.003,0
"2017-02-13T02:00:00Z","2017-02-13T02:30:00Z",-1.747,-1.782,-1.714,0.000,180,0.089,0.001,0
"2017-02-13T02:30:00Z","2017-02-13T03:00:00Z",-1.721,-1.755,-1.692,0.000,180,0.088,0.001,0
"2017-02-13T03:00:00Z","2017-02-13T03:30:00Z",-1.700,-1.733,-1.671,0.000,180,0.088,0.001,0
"2017-02-13T03:30:00Z","2017-02-13T04:00:00Z",-1.677,-1.711,-1.649,0.000,180,0.087,0.001,0
"2017-02-13T04:00:00Z","2017-02-13T04:30:00Z",-2.259,-2.764,-1.646,0.097,77,0.123,0.036,1
"2017-02-13T04:30:00Z","2017-02-13T05:00:00Z",-1.871,-2.106,-1.755,0.008,180,0.094,0.007,0
"2017-02-13T05:00:00Z","2017-02-13T05:30:00Z",-1.743,-1.777,-1.698,0.000,180,0.091,0.001,0
"2017-02-13T05:30:00Z","2017-02-13T06:00:00Z",-1.708,-1.738,-1.684,0.000,180,0.090,0.001,0
"2017-02-13T06:00:00Z","2017-02-13T06:30:00Z",-1.694,-1.721,-1.667,0.000,180,0.090,0.001,0
"2017-02-13T06:30:00Z","2017-02-13T07:00:00Z",-1.678,-1.712,-1.656,0.000,180,0.090,0.001,0
"2017-02-13T07:00:00Z","2017-02-13T07:30:00Z",-1.663,-1.684,-1.648,0.000,102,0.090,0.001,1
"2017-02-13T07:30:00Z","2017-02-13T08:00:00Z",-2.010,-2.540,-1.759,0.045,155,0.103,0.017,1
"2017-02-13T08:00:00Z","2017-02-13T08:30:00Z",-1.728,-1.782,-1.686,0.000,180,0.092,0.002,0
"2017-02-13T08:30:00Z","2017-02-13T09:00:00Z",-1.697,-1.727,-1.678,0.000,180,0.092,0.001,0
"2017-02-13T09:00:00Z","2017-02-13T09:30:00Z",-1.684,-1.709,-1.660,0.000,180,0.092,0.001,0
"2017-02-13T09:30:00Z","2017-02-13T10:00:00Z",-1.674,-1.698,-1.652,0.000,180,0.091,0.001,0
"2017-02-13T10:00:00Z","2017-02-13T10:30:00Z",-1.665,-1.686,-1.643,0.000,180,0.091,0.001,0
"2017-02-13T10:30:00Z","2017-02-13T11:00:00Z",-2.069,-2.450,-1.643,0.052,77,0.112,0.026,1
"2017-02-13T11:00:00Z","2017-02-13T11:30:00Z",-1.735,-1.927,-1.653,0.005,180,0.094,0.005,0
"2017-02-13T11:30:00Z","2017-02-13T12:00:00Z",-1.656,-1.682,-1.627,0.000,180,0.092,0.001,0
"2017-02-13T12:00:00Z","2017-02-13T12:30:00Z",-1.645,-1.676,-1.624,0.000,180,0.092,0.001,0
"2017-02-13T12:30:00Z","2017-02-13T13:00:00Z",-1.639,-1.668,-1.615,0.000,180,0.092,0.001,0
"2017-02-13T13:00:00Z","2017-02-13T13:30:00Z",-1.632,-1.714,-1.574,0.000,180,0.091,0.001,0
"2017-02-13T13:30:00Z","2017-02-13T14:00:00Z",-1.617,-1.644,-1.595,0.000,102,0.091,0.001,1
"2017-02-13T14:00:00Z","2017-02-13T14:30:00Z",-1.860,-2.339,-1.630,0.040,155,0.101,0.016,1
"2017-02-13T14:30:00Z","2017-02-13T15:00:00Z",-1.608,-1.651,-1.577,0.000,180,0.092,0.001,0
"2017-02-13T15:00:00Z","2017-02-13T15:30:00Z",-1.596,-1.619,-1.577,0.000,180,0.092,0.001,0
"2017-02-13T15:30:00Z","2017-02-13T16:00:00Z",-1.594,-1.616,-1.577,0.000,180,0.092,0.001,0
"2017-02-13T16:00:00Z","2017-02-13T16:30:00Z",-1.585,-1.613,-1.556,0.000,180,0.092,0.001,0
"2017-02-13T16:30:00Z","2017-02-13T17:00:00Z",-1.569,-1.613,-1.545,0.000,180,0.092,0.001,0
"2017-02-13T17:00:00Z","2017-02-13T17:30:00Z",-1.873,-2.175,-1.550,0.032,77,0.106,0.020,1
"2017-02-13T17:30:00Z","2017-02-13T18:00:00Z",-1.582,-1.750,-1.513,0.004,180,0.094,0.004,0
"2017-02-13T18:00:00Z","2017-02-13T18:30:00Z",-1.522,-1.546,-1.498,0.000,180,0.093,0.001,0
"2017-02-13T18:30:00Z","2017-02-13T19:00:00Z",-1.531,-1.564,-1.492,0.000,180,0.093,0.001,0
"2017-02-13T19:00:00Z","2017-02-13T19:30:00Z",-1.528,-1.574,-1.498,0.000,180,0.093,0.001,0
"2017-02-13T19:30:00Z","2017-02-13T20:00:00Z",-1.521,-1.571,-1.476,0.000,180,0.093,0.001,0
"2017-02-13T20:00:00Z","2017-02-13T20:30:00Z",-1.513,-1.546,-1.482,0.000,102,0.092,0.001,1
"2017-02-13T20:30:00Z","2017-02-13T21:00:00Z",-1.658,-2.063,-1.446,0.030,155,0.099,0.014,1
"2017-02-13T21:00:00Z","2017-02-13T21:30:00Z",-1.429,-1.473,-1.400,0.000,180,0.092,0.001,0
"2017-02-13T21:30:00Z","2017-02-13T22:00:00Z",-1.428,-1.458,-1.400,0.000,180,0.092,0.001,0
"2017-02-13T22:00:00Z","2017-02-13T22:30:00Z",-1.436,-1.467,-1.409,0.000,180,0.092,0.001,0
"2017-02-13T22:30:00Z","2017-02-13T23:00:00Z",-1.447,-1.476,-1.421,0.000,180,0.092,0.001,0
"2017-02-13T23:00:00Z","2017-02-13T23:30:00Z",-1.451,-1.480,-1.431,0.000,180,0.092,0.001,0
"2017-02-13T23:30:00Z","2017-02-14T00:00:00Z",-1.717,-1.979,-1.437,0.024,77,0.102,0.018,1
"2017-02-14T00:00:00Z","2017-02-14T00:30:00Z",-1.427,-1.608,-1.351,0.004,180,0.092,0.005,0
"2017-02-14T00:30:00Z","2017-02-14T01:00:00Z",-1.374,-1.406,-1.342,0.000,180,0.091,0.001,0
"2017-02-14T01:00:00Z","2017-02-14T01:30:00Z",-1.399,-1.431,-1.369,0.000,180,0.091,0.001,0
"2017-02-14T01:30:00Z","2017-02-14T02:00:00Z",-1.419,-1.446,-1.394,0.000,180,0.092,0.001,0
"2017-02-14T02:00:00Z","2017-02-14T02:30:00Z",-1.429,-1.458,-1.406,0.000,180,0.092,0.001,0
"2017-02-14T02:30:00Z","2017-02-14T03:00:00Z",-1.430,-1.452,-1.412,0.000,102,0.092,0.001,1
"2017-02-14T03:00:00Z","2017-02-14T03:30:00Z",-1.568,-1.946,-1.369,0.027,155,0.097,0.013,1
"2017-02-14T03:30:00Z","2017-02-14T04:00:00Z",-1.359,-1.461,-1.292,0.001,180,0.091,0.002,0
"2017-02-14T04:00:00Z","2017-02-14T04:30:00Z",-1.370,-1.403,-1.329,0.000,180,0.091,0.001,0
"2017-02-14T04:30:00Z","2017-02-14T05:00:00Z",-1.398,-1.483,-1.363,0.000,180,0.092,0.001,0
"2017-02-14T05:00:00Z","2017-02-14T05:30:00Z",-1.414,-1.455,-1.387,0.000,180,0.092,0.001,0
"2017-02-14T05:30:00Z","2017-02-14T06:00:00Z",-1.422,-1.516,-1.332,0.001,180,0.092,0.002,0
"2017-02-14T06:00:00Z","2017-02-14T06:30:00Z",-1.673,-1.946,-1.409,0.022,77,0.101,0.017,1
"2017-02-14T06:30:00Z","2017-02-14T07:00:00Z",-1.395,-1.559,-1.322,0.003,180,0.092,0.004,0
"2017-02-14T07:00:00Z","2017-02-14T07:30:00Z",-1.350,-1.384,-1.322,0.000,180,0.091,0.001,0
"2017-02-14T07:30:00Z","2017-02-14T08:00:00Z",-1.379,-1.411,-1.347,0.000,180,0.091,0.001,0
"2017-02-14T08:00:00Z","2017-02-14T08:30:00Z",-1.404,-1.433,-1.371,0.000,180,0.092,0.001,0
"2017-02-14T08:30:00Z","2017-02-14T09:00:00Z",-1.418,-1.448,-1.396,0.000,180,0.092,0.001,0
"2017-02-14T09:00:00Z","2017-02-14T09:30:00Z",-1.424,-1.448,-1.399,0.000,102,0.092,0.001,1
"2017-02-14T09:30:00Z","2017-02-14T10:00:00Z",-1.549,-1.927,-1.351,0.025,155,0.097,0.013,1
"2017-02-14T10:00:00Z","2017-02-14T10:30:00Z",-1.345,-1.376,-1.320,0.000,180,0.091,0.001,0
"2017-02-14T10:30:00Z","2017-02-14T11:00:00Z",-1.362,-1.394,-1.327,0.000,180,0.091,0.001,0
"2017-02-14T11:00:00Z","2017-02-14T11:30:00Z",-1.390,-1.422,-1.364,0.000,180,0.092,0.001,0
"2017-02-14T11:30:00Z","2017-02-14T12:00:00Z",-1.409,-1.441,-1.382,0.000,180,0.092,0.001,0
"2017-02-14T12:00:00Z","2017-02-14T12:30:00Z",-1.417,-1.456,-1.379,0.000,180,0.092,0.001,0
"2017-02-14T12:30:00Z","2017-02-14T13:00:00Z",-1.655,-1.902,-1.410,0.020,77,0.101,0.016,1
"2017-02-14T13:00:00Z","2017-02-14T13:30:00Z",-1.392,-1.541,-1.319,0.003,180,0.092,0.004,0
"2017-02-14T13:30:00Z","2017-02-14T14:00:00Z",-1.353,-1.393,-1.322,0.000,180,0.091,0.001,0
"2017-02-14T14:00:00Z","2017-02-14T14:30:00Z",-1.385,-1.424,-1.350,0.000,180,0.092,0.001,0
"2017-02-14T14:30:00Z","2017-02-14T15:00:00Z",-1.409,-1.445,-1.378,0.000,180,0.092,0.001,0
"2017-02-14T15:00:00Z","2017-02-14T15:30:00Z",-1.438,-1.476,-1.402,0.000,180,0.092,0.001,0
"2017-02-14T15:30:00Z","2017-02-14T16:00:00Z",-1.445,-1.470,-1.424,0.000,102,0.093,0.001,1
"2017-02-14T16:00:00Z","2017-02-14T16:30:00Z",-1.565,-1.906,-1.391,0.021,155,0.097,0.012,1
"2017-02-14T16:30:00Z","2017-02-14T17:00:00Z",-1.378,-1.422,-1.348,0.000,180,0.092,0.001,0
"2017-02-14T17:00:00Z","2017-02-14T17:30:00Z",-1.395,-1.441,-1.357,0.000,180,0.092,0.001,0
"2017-02-14T17:30:00Z","2017-02-14T18:00:00Z",-1.428,-1.462,-1.394,0.000,180,0.092,0.001,0
"2017-02-14T18:00:00Z","2017-02-14T18:30:00Z",-1.456,-1.490,-1.425,0.000,180,0.093,0.001,0
"2017-02-14T18:30:00Z","2017-02-14T19:00:00Z",-1.480,-1.509,-1.450,0.000,180,0.093,0.001,0
"2017-02-14T19:00:00Z","2017-02-14T19:30:00Z",-1.711,-1.954,-1.484,0.017,77,0.101,0.015,1
"2017-02-14T19:30:00Z","2017-02-14T20:00:00Z",-1.461,-1.596,-1.401,0.002,180,0.093,0.004,0
"2017-02-14T20:00:00Z","2017-02-14T20:30:00Z",-1.435,-1.472,-1.405,0.000,180,0.093,0.001,0
"2017-02-14T20:30:00Z","2017-02-14T21:00:00Z",-1.474,-1.519,-1.432,0.000,180,0.093,0.001,0
"2017-02-14T21:00:00Z","2017-02-14T21:30:00Z",-1.512,-1.553,-1.482,0.000,180,0.094,0.001,0
"2017-02-14T21:30:00Z","2017-02-14T22:00:00Z",-1.541,-1.584,-1.503,0.000,180,0.094,0.001,0
"2017-02-14T22:00:00Z","2017-02-14T22:30:00Z",-1.557,-1.587,-1.531,0.000,102,0.094,0.001,1
"2017-02-14T22:30:00Z","2017-02-14T23:00:00Z",-1.664,-1.989,-1.490,0.020,155,0.098,0.011,1
"2017-02-14T23:00:00Z","2017-02-14T23:30:00Z",-1.490,-1.518,-1.465,0.000,180,0.093,0.001,0
"2017-02-14T23:30:00Z","2017-02-15T00:00:00Z",-1.517,-1.558,-1.481,0.000,180,0.094,0.001,0
"2017-02-15T00:00:00Z","2017-02-15T00:30:00Z",-1.552,-1.589,-1.514,0.000,180,0.094,0.001,0
"2017-02-15T00:30:00Z","2017-02-15T01:00:00Z",-1.581,-1.610,-1.558,0.000,180,0.094,0.001,0
"2017-02-15T01:00:00Z","2017-02-15T01:30:00Z",-1.596,-1.622,-1.576,0.000,180,0.095,0.001,0
"2017-02-15T01:30:00Z","2017-02-15T02:00:00Z",-1.796,-2.013,-1.589,0.015,77,0.101,0.014,1
"2017-02-15T02:00:00Z","2017-02-15T02:30:00Z",-1.551,-1.692,-1.489,0.002,180,0.094,0.004,0
"2017-02-15T02:30:00Z","2017-02-15T03:00:00Z",-1.526,-1.560,-1.492,0.000,180,0.094,0.001,0
"2017-02-15T03:00:00Z","2017-02-15T03:30:00Z",-1.560,-1.643,-1.486,0.000,180,0.094,0.002,0
"2017-02-15T03:30:00Z","2017-02-15T04:00:00Z",-1.589,-1.621,-1.510,0.000,180,0.095,0.001,0
"2017-02-15T04:00:00Z","2017-02-15T04:30:00Z",-1.607,-1.634,-1.584,0.000,180,0.095,0.001,0
"2017-02-15T04:30:00Z","2017-02-15T05:00:00Z",-1.616,-1.637,-1.597,0.000,102,0.095,0.001,1
"2017-02-15T05:00:00Z","2017-02-15T05:30:00Z",-1.697,-2.006,-1.534,0.018,155,0.098,0.011,1
"2017-02-15T05:30:00Z","2017-02-15T06:00:00Z",-1.529,-1.562,-1.507,0.000,180,0.094,0.001,0
"2017-02-15T06:00:00Z","2017-02-15T06:30:00Z",-1.553,-1.590,-1.519,0.000,180,0.094,0.001,0
"2017-02-15T06:30:00Z","2017-02-15T07:00:00Z",-1.584,-1.614,-1.550,0.000,180,0.094,0.001,0
"2017-02-15T07:00:00Z","2017-02-15T07:30:00Z",-1.606,-1.636,-1.580,0.000,180,0.095,0.001,0
"2017-02-15T07:30:00Z","2017-02-15T08:00:00Z",-1.617,-1.648,-1.587,0.000,180,0.095,0.001,0
"2017-02-15T08:00:00Z","2017-02-15T08:30:00Z",-1.801,-2.005,-1.608,0.013,77,0.101,0.013,1
"2017-02-15T08:30:00Z","2017-02-15T09:00:00Z",-1.569,-1.700,-1.512,0.002,180,0.094,0.004,0
"2017-02-15T09:00:00Z","2017-02-15T09:30:00Z",-1.546,-1.589,-1.503,0.000,180,0.094,0.001,0
"2017-02-15T09:30:00Z","2017-02-15T10:00:00Z",-1.582,-1.617,-1.546,0.000,180,0.094,0.001,0
"2017-02-15T10:00:00Z","2017-02-15T10:30:00Z",-1.612,-1.645,-1.574,0.000,180,0.095,0.001,0
"2017-02-15T10:30:00Z","2017-02-15T11:00:00Z",-1.630,-1.663,-1.599,0.000,180,0.095,0.001,0
"2017-02-15T11:00:00Z","2017-02-15T11:30:00Z",-1.642,-1.663,-1.620,0.000,102,0.095,0.001,1
"2017-02-15T11:30:00Z","2017-02-15T12:00:00Z",-1.713,-2.023,-1.561,0.017,155,0.098,0.010,1
"2017-02-15T12:00:00Z","2017-02-15T12:30:00Z",-1.558,-1.592,-1.533,0.000,180,0.094,0.001,0
"2017-02-15T12:30:00Z","2017-02-15T13:00:00Z",-1.589,-1.632,-1.552,0.000,180,0.094,0.001,0
"2017-02-15T13:00:00Z","2017-02-15T13:30:00Z",-1.623,-1.653,-1.589,0.000,180,0.095,0.001,0
"2017-02-15T13:30:00Z","2017-02-15T14:00:00Z",-1.643,-1.678,-1.616,0.000,180,0.095,0.001,0
"2017-02-15T14:00:00Z","2017-02-15T14:30:00Z",-1.660,-1.687,-1.635,0.000,180,0.096,0.001,0
"2017-02-15T14:30:00Z","2017-02-15T15:00:00Z",-1.829,-2.021,-1.647,0.012,77,0.101,0.012,1
"2017-02-15T15:00:00Z","2017-02-15T15:30:00Z",-1.616,-1.726,-1.563,0.001,180,0.095,0.003,0
"2017-02-15T15:30:00Z","2017-02-15T16:00:00Z",-1.601,-1.664,-1.569,0.000,180,0.095,0.001,0
"2017-02-15T16:00:00Z","2017-02-15T16:30:00Z",-1.642,-1.701,-1.606,0.000,180,0.095,0.001,0
"2017-02-15T16:30:00Z","2017-02-15T17:00:00Z",-1.675,-1.707,-1.624,0.000,180,0.096,0.001,0
"2017-02-15T17:00:00Z","2017-02-15T17:30:00Z",-1.685,-1.707,-1.658,0.000,180,0.096,0.001,0
"2017-02-15T17:30:00Z","2017-02-15T18:00:00Z",-1.693,-1.720,-1.670,0.000,102,0.096,0.001,1
"2017-02-15T18:00:00Z","2017-02-15T18:30:00Z",-1.745,-2.028,-1.598,0.015,155,0.099,0.010,1
"2017-02-15T18:30:00Z","2017-02-15T19:00:00Z",-1.606,-1.635,-1.580,0.000,180,0.095,0.001,0
"2017-02-15T19:00:00Z","2017-02-15T19:30:00Z",-1.641,-1.672,-1.607,0.000,180,0.095,0.001,0
"2017-02-15T19:30:00Z","2017-02-15T20:00:00Z",-1.676,-1.709,-1.638,0.000,180,0.096,0.001,0
"2017-02-15T20:00:00Z","2017-02-15T20:30:00Z",-1.697,-1.724,-1.672,0.000,180,0.096,0.001,0
"2017-02-15T20:30:00Z","2017-02-15T21:00:00Z",-1.709,-1.730,-1.684,0.000,180,0.096,0.001,0
"2017-02-15T21:00:00Z","2017-02-15T21:30:00Z",-1.857,-2.041,-1.703,0.009,77,0.101,0.011,1
"2017-02-15T21:30:00Z","2017-02-15T22:00:00Z",-1.645,-1.756,-1.593,0.002,180,0.095,0.003,0
"2017-02-15T22:00:00Z","2017-02-15T22:30:00Z",-1.631,-1.670,-1.593,0.000,180,0.095,0.001,0
"2017-02-15T22:30:00Z","2017-02-15T23:00:00Z",-1.674,-1.710,-1.639,0.000,180,0.096,0.001,0
"2017-02-15T23:00:00Z","2017-02-15T23:30:00Z",-1.702,-1.747,-1.676,0.000,180,0.096,0.001,0
"2017-02-15T23:30:00Z","2017-02-16T00:00:00Z",-1.714,-1.741,-1.661,0.000,180,0.096,0.001,0
"2017-02-16T00:00:00Z","2017-02-16T00:30:00Z",-1.723,-1.753,-1.698,0.000,102,0.096,0.001,1
"2017-02-16T00:30:00Z","2017-02-16T01:00:00Z",-1.755,-2.027,-1.619,0.013,155,0.098,0.009,1
"2017-02-16T01:00:00Z","2017-02-16T01:30:00Z",-1.624,-1.653,-1.601,0.000,180,0.095,0.001,0
"2017-02-16T01:30:00Z","2017-02-16T02:00:00Z",-1.655,-1.693,-1.625,0.000,180,0.095,0.001,0
"2017-02-16T02:00:00Z","2017-02-16T02:30:00Z",-1.686,-1.723,-1.650,0.000,180,0.096,0.001,0
"2017-02-16T02:30:00Z","2017-02-16T03:00:00Z",-1.701,-1.739,-1.680,0.000,180,0.096,0.001,0
"2017-02-16T03:00:00Z","2017-02-16T03:30:00Z",-1.707,-1.736,-1.684,0.000,180,0.096,0.001,0
"2017-02-16T03:30:00Z","2017-02-16T04:00:00Z",-1.828,-1.993,-1.690,0.008,77,0.100,0.010,1
"2017-02-16T04:00:00Z","2017-02-16T04:30:00Z",-1.622,-1.736,-1.576,0.001,180,0.095,0.003,0
"2017-02-16T04:30:00Z","2017-02-16T05:00:00Z",-1.609,-1.647,-1.579,0.000,180,0.094,0.001,0
"2017-02-16T05:00:00Z","2017-02-16T05:30:00Z",-1.640,-1.668,-1.607,0.000,180,0.095,0.001,0
"2017-02-16T05:30:00Z","2017-02-16T06:00:00Z",-1.659,-1.680,-1.631,0.000,180,0.095,0.001,0
"2017-02-16T06:00:00Z","2017-02-16T06:30:00Z",-1.664,-1.693,-1.647,0.000,180,0.095,0.001,0
"2017-02-16T06:30:00Z","2017-02-16T07:00:00Z",-1.668,-1.699,-1.644,0.000,102,0.095,0.001,1
"2017-02-16T07:00:00Z","2017-02-16T07:30:00Z",-1.691,-1.948,-1.552,0.013,155,0.097,0.009,1
"2017-02-16T07:30:00Z","2017-02-16T08:00:00Z",-1.563,-1.595,-1.540,0.000,180,0.094,0.001,0
"2017-02-16T08:00:00Z","2017-02-16T08:30:00Z",-1.595,-1.632,-1.552,0.000,180,0.094,0.001,0
"2017-02-16T08:30:00Z","2017-02-16T09:00:00Z",-1.619,-1.657,-1.586,0.000,180,0.095,0.001,0
"2017-02-16T09:00:00Z","2017-02-16T09:30:00Z",-1.634,-1.663,-1.608,0.000,180,0.095,0.001,0
"2017-02-16T09:30:00Z","2017-02-16T10:00:00Z",-1.638,-1.666,-1.614,0.000,180,0.095,0.001,0
"2017-02-16T10:00:00Z","2017-02-16T10:30:00Z",-1.758,-1.916,-1.626,0.008,77,0.099,0.010,1
"2017-02-16T10:30:00Z","2017-02-16T11:00:00Z",-1.564,-1.668,-1.511,0.001,180,0.094,0.003,0
"2017-02-16T11:00:00Z","2017-02-16T11:30:00Z",-1.562,-1.600,-1.526,0.000,180,0.094,0.001,0
"2017-02-16T11:30:00Z","2017-02-16T12:00:00Z",-1.595,-1.631,-1.563,0.000,180,0.094,0.001,0
"2017-02-16T12:00:00Z","2017-02-16T12:30:00Z",-1.619,-1.655,-1.579,0.000,180,0.095,0.001,0
"2017-02-16T12:30:00Z","2017-02-16T13:00:00Z",-1.656,-1.723,-1.563,0.001,180,0.095,0.003,0
"2017-02-16T13:00:00Z","2017-02-16T13:30:00Z",-1.632,-1.658,-1.609,0.000,102,0.095,0.001,1
"2017-02-16T13:30:00Z","2017-02-16T14:00:00Z",-1.654,-1.884,-1.524,0.012,155,0.097,0.009,1
"2017-02-16T14:00:00Z","2017-02-16T14:30:00Z",-1.536,-1.577,-1.491,0.000,180,0.094,0.001,0
"2017-02-16T14:30:00Z","2017-02-16T15:00:00Z",-1.574,-1.617,-1.524,0.000,180,0.094,0.001,0
"2017-02-16T15:00:00Z","2017-02-16T15:30:00Z",-1.608,-1.669,-1.549,0.000,180,0.095,0.001,0
"2017-02-16T15:30:00Z","2017-02-16T16:00:00Z",-1.625,-1.654,-1.601,0.000,180,0.095,0.001,0
"2017-02-16T16:00:00Z","2017-02-16T16:30:00Z",-1.637,-1.672,-1.611,0.000,180,0.095,0.001,0
"2017-02-16T16:30:00Z","2017-02-16T17:00:00Z",-1.738,-1.885,-1.635,0.006,77,0.098,0.009,1
"2017-02-16T17:00:00Z","2017-02-16T17:30:00Z",-1.550,-1.645,-1.510,0.001,180,0.094,0.002,0
"2017-02-16T17:30:00Z","2017-02-16T18:00:00Z",-1.548,-1.593,-1.513,0.000,180,0.094,0.001,0
"2017-02-16T18:00:00Z","2017-02-16T18:30:00Z",-1.582,-1.614,-1.546,0.000,180,0.094,0.001,0
"2017-02-16T18:30:00Z","2017-02-16T19:00:00Z",-1.611,-1.645,-1.583,0.000,180,0.095,0.001,0
"2017-02-16T19:00:00Z","2017-02-16T19:30:00Z",-1.630,-1.654,-1.605,0.000,180,0.095,0.001,0
"2017-02-16T19:30:00Z","2017-02-16T20:00:00Z",-1.636,-1.663,-1.617,0.000,102,0.095,0.001,1
"2017-02-16T20:00:00Z","2017-02-16T20:30:00Z",-1.654,-1.897,-1.516,0.011,155,0.097,0.009,1
"2017-02-16T20:30:00Z","2017-02-16T21:00:00Z",-1.537,-1.568,-1.513,0.000,180,0.094,0.001,0
"2017-02-16T21:00:00Z","2017-02-16T21:30:00Z",-1.578,-1.627,-1.544,0.000,180,0.094,0.001,0
"2017-02-16T21:30:00Z","2017-02-16T22:00:00Z",-1.610,-1.630,-1.584,0.000,180,0.095,0.001,0
"2017-02-16T22:00:00Z","2017-02-16T22:30:00Z",-1.625,-1.651,-1.587,0.000,180,0.095,0.001,0
"2017-02-16T22:30:00Z","2017-02-16T23:00:00Z",-1.637,-1.667,-1.614,0.000,180,0.095,0.001,0
"2017-02-16T23:00:00Z","2017-02-16T23:30:00Z",-1.738,-1.870,-1.627,0.006,77,0.098,0.009,1
"2017-02-16T23:30:00Z","2017-02-17T00:00:00Z",-1.548,-1.648,-1.507,0.001,180,0.094,0.002,0
"2017-02-17T00:00:00Z","2017-02-17T00:30:00Z",-1.549,-1.590,-1.504,0.000,180,0.094,0.001,0
"2017-02-17T00:30:00Z","2017-02-17T01:00:00Z",-1.587,-1.630,-1.547,0.000,180,0.094,0.001,0
"2017-02-17T01:00:00Z","2017-02-17T01:30:00Z",-1.611,-1.642,-1.577,0.000,180,0.095,0.001,0
"2017-02-17T01:30:00Z","2017-02-17T02:00:00Z",-1.621,-1.654,-1.587,0.000,180,0.095,0.001,0
"2017-02-17T02:00:00Z","2017-02-17T02:30:00Z",-1.627,-1.648,-1.602,0.000,102,0.095,0.001,1
"2017-02-17T02:30:00Z","2017-02-17T03:00:00Z",-1.631,-1.871,-1.511,0.011,155,0.096,0.008,1
"2017-02-17T03:00:00Z","2017-02-17T03:30:00Z",-1.518,-1.551,-1.492,0.000,180,0.093,0.001,0
"2017-02-17T03:30:00Z","2017-02-17T04:00:00Z",-1.551,-1.591,-1.511,0.000,180,0.094,0.001,0
"2017-02-17T04:00:00Z","2017-02-17T04:30:00Z",-1.583,-1.615,-1.557,0.000,180,0.094,0.001,0
"2017-02-17T04:30:00Z","2017-02-17T05:00:00Z",-1.596,-1.634,-1.560,0.000,180,0.095,0.001,0
"2017-02-17T05:00:00Z","2017-02-17T05:30:00Z",-1.603,-1.628,-1.582,0.000,180,0.095,0.001,0
"2017-02-17T05:30:00Z","2017-02-17T06:00:00Z",-1.703,-1.864,-1.588,0.006,77,0.098,0.009,1
"2017-02-17T06:00:00Z","2017-02-17T06:30:00Z",-1.518,-1.630,-1.469,0.001,180,0.094,0.002,0
"2017-02-17T06:30:00Z","2017-02-17T07:00:00Z",-1.513,-1.553,-1.482,0.000,180,0.093,0.001,0
"2017-02-17T07:00:00Z","2017-02-17T07:30:00Z",-1.546,-1.583,-1.512,0.000,180,0.094,0.001,0
"2017-02-17T07:30:00Z","2017-02-17T08:00:00Z",-1.567,-1.593,-1.540,0.000,180,0.094,0.001,0
"2017-02-17T08:00:00Z","2017-02-17T08:30:00Z",-1.573,-1.602,-1.549,0.000,180,0.094,0.001,0
"2017-02-17T08:30:00Z","2017-02-17T09:00:00Z",-1.576,-1.605,-1.549,0.000,102,0.094,0.001,1
"2017-02-17T09:00:00Z","2017-02-17T09:30:00Z",-1.583,-1.804,-1.456,0.010,155,0.096,0.008,1
"2017-02-17T09:30:00Z","2017-02-17T10:00:00Z",-1.471,-1.505,-1.440,0.000,180,0.093,0.001,0
"2017-02-17T10:00:00Z","2017-02-17T10:30:00Z",-1.505,-1.551,-1.459,0.000,180,0.093,0.001,0
"2017-02-17T10:30:00Z","2017-02-17T11:00:00Z",-1.530,-1.557,-1.499,0.000,180,0.094,0.001,0
"2017-02-17T11:00:00Z","2017-02-17T11:30:00Z",-1.547,-1.576,-1.520,0.000,180,0.094,0.001,0
"2017-02-17T11:30:00Z","2017-02-17T12:00:00Z",-1.554,-1.579,-1.520,0.000,180,0.094,0.001,0
"2017-02-17T12:00:00Z","2017-02-17T12:30:00Z",-1.643,-1.786,-1.533,0.006,77,0.097,0.008,1
"2017-02-17T12:30:00Z","2017-02-17T13:00:00Z",-1.464,-1.548,-1.424,0.001,180,0.093,0.002,0
"2017-02-17T13:00:00Z","2017-02-17T13:30:00Z",-1.462,-1.501,-1.430,0.000,180,0.093,0.001,0
"2017-02-17T13:30:00Z","2017-02-17T14:00:00Z",-1.495,-1.526,-1.467,0.000,180,0.093,0.001,0
"2017-02-17T14:00:00Z","2017-02-17T14:30:00Z",-1.521,-1.554,-1.498,0.000,180,0.094,0.001,0
"2017-02-17T14:30:00Z","2017-02-17T15:00:00Z",-1.529,-1.554,-1.504,0.000,180,0.094,0.001,0
"2017-02-17T15:00:00Z","2017-02-17T15:30:00Z",-1.537,-1.563,-1.514,0.000,102,0.094,0.001,1
"2017-02-17T15:30:00Z","2017-02-17T16:00:00Z",-1.540,-1.767,-1.414,0.010,155,0.095,0.008,1
"2017-02-17T16:00:00Z","2017-02-17T16:30:00Z",-1.432,-1.470,-1.405,0.000,180,0.093,0.001,0
"2017-02-17T16:30:00Z","2017-02-17T17:00:00Z",-1.461,-1.501,-1.408,0.000,180,0.093,0.001,0
"2017-02-17T17:00:00Z","2017-02-17T17:30:00Z",-1.493,-1.522,-1.466,0.000,180,0.093,0.001,0
"2017-02-17T17:30:00Z","2017-02-17T18:00:00Z",-1.512,-1.538,-1.485,0.000,180,0.094,0.001,0
"2017-02-17T18:00:00Z","2017-02-17T18:30:00Z",-1.517,-1.538,-1.491,0.000,180,0.094,0.001,0
"2017-02-17T18:30:00Z","2017-02-17T19:00:00Z",-1.604,-1.732,-1.506,0.005,77,0.096,0.008,1
"2017-02-17T19:00:00Z","2017-02-17T19:30:00Z",-1.430,-1.512,-1.385,0.001,180,0.093,0.002,0
"2017-02-17T19:30:00Z","2017-02-17T20:00:00Z",-1.429,-1.459,-1.394,0.000,180,0.093,0.001,0
"2017-02-17T20:00:00Z","2017-02-17T20:30:00Z",-1.465,-1.499,-1.425,0.000,180,0.093,0.001,0
"2017-02-17T20:30:00Z","2017-02-17T21:00:00Z",-1.485,-1.527,-1.456,0.000,180,0.093,0.001,0
"2017-02-17T21:00:00Z","2017-02-17T21:30:00Z",-1.506,-1.543,-1.481,0.000,180,0.094,0.001,0
"2017-02-17T21:30:00Z","2017-02-17T22:00:00Z",-1.518,-1.543,-1.490,0.000,102,0.094,0.001,1
"2017-02-17T22:00:00Z","2017-02-17T22:30:00Z",-1.507,-1.721,-1.380,0.009,155,0.095,0.008,1
"2017-02-17T22:30:00Z","2017-02-17T23:00:00Z",-1.405,-1.436,-1.374,0.000,180,0.092,0.001,0
"2017-02-17T23:00:00Z","2017-02-17T23:30:00Z",-1.442,-1.479,-1.401,0.000,180,0.093,0.001,0
"2017-02-17T23:30:00Z","2017-02-18T00:00:00Z",-1.474,-1.510,-1.423,0.000,180,0.093,0.001,0
"2017-02-18T00:00:00Z","2017-02-18T00:30:00Z",-1.494,-1.525,-1.473,0.000,180,0.094,0.001,0
"2017-02-18T00:30:00Z","2017-02-18T01:00:00Z",-1.501,-1.529,-1.476,0.000,180,0.094,0.001,0
"2017-02-18T01:00:00Z","2017-02-18T01:30:00Z",-1.583,-1.710,-1.490,0.005,77,0.096,0.008,1
"2017-02-18T01:30:00Z","2017-02-18T02:00:00Z",-1.411,-1.502,-1.365,0.001,180,0.093,0.002,0
"2017-02-18T02:00:00Z","2017-02-18T02:30:00Z",-1.410,-1.452,-1.372,0.000,180,0.093,0.001,0
"2017-02-18T02:30:00Z","2017-02-18T03:00:00Z",-1.450,-1.493,-1.418,0.000,180,0.093,0.001,0
"2017-02-18T03:00:00Z","2017-02-18T03:30:00Z",-1.476,-1.502,-1.449,0.000,180,0.093,0.001,0
"2017-02-18T03:30:00Z","2017-02-18T04:00:00Z",-1.492,-1.518,-1.465,0.000,180,0.094,0.001,0
"2017-02-18T04:00:00Z","2017-02-18T04:30:00Z",-1.495,-1.524,-1.480,0.000,102,0.094,0.001,1
"2017-02-18T04:30:00Z","2017-02-18T05:00:00Z",-1.488,-1.693,-1.376,0.009,155,0.095,0.008,1
"2017-02-18T05:00:00Z","2017-02-18T05:30:00Z",-1.385,-1.423,-1.361,0.000,180,0.092,0.001,0
"2017-02-18T05:30:00Z","2017-02-18T06:00:00Z",-1.421,-1.463,-1.383,0.000,180,0.093,0.001,0
"2017-02-18T06:00:00Z","2017-02-18T06:30:00Z",-1.454,-1.485,-1.417,0.000,180,0.093,0.001,0
"2017-02-18T06:30:00Z","2017-02-18T07:00:00Z",-1.474,-1.504,-1.451,0.000,180,0.093,0.001,0
"2017-02-18T07:00:00Z","2017-02-18T07:30:00Z",-1.483,-1.516,-1.454,0.000,180,0.094,0.001,0
"2017-02-18T07:30:00Z","2017-02-18T08:00:00Z",-1.558,-1.683,-1.457,0.004,77,0.096,0.008,1
"2017-02-18T08:00:00Z","2017-02-18T08:30:00Z",-1.390,-1.481,-1.347,0.001,180,0.093,0.002,0
"2017-02-18T08:30:00Z","2017-02-18T09:00:00Z",-1.393,-1.434,-1.350,0.000,180,0.093,0.001,0
"2017-02-18T09:00:00Z","2017-02-18T09:30:00Z",-1.429,-1.462,-1.391,0.000,180,0.093,0.001,0
"2017-02-18T09:30:00Z","2017-02-18T10:00:00Z",-1.452,-1.487,-1.425,0.000,180,0.093,0.001,0
"2017-02-18T10:00:00Z","2017-02-18T10:30:00Z",-1.467,-1.500,-1.437,0.000,180,0.094,0.001,0
"2017-02-18T10:30:00Z","2017-02-18T11:00:00Z",-1.472,-1.500,-1.444,0.000,102,0.094,0.001,1
"2017-02-18T11:00:00Z","2017-02-18T11:30:00Z",-1.467,-1.678,-1.348,0.009,155,0.095,0.007,1
"2017-02-18T11:30:00Z","2017-02-18T12:00:00Z",-1.365,-1.401,-1.339,0.000,180,0.092,0.001,0
"2017-02-18T12:00:00Z","2017-02-18T12:30:00Z",-1.399,-1.445,-1.364,0.000,180,0.093,0.001,0
"2017-02-18T12:30:00Z","2017-02-18T13:00:00Z",-1.430,-1.464,-1.398,0.000,180,0.093,0.001,0
"2017-02-18T13:00:00Z","2017-02-18T13:30:00Z",-1.449,-1.476,-1.423,0.000,180,0.093,0.001,0
"2017-02-18T13:30:00Z","2017-02-18T14:00:00Z",-1.461,-1.492,-1.432,0.000,168,0.093,0.001,0
"2017-02-18T14:00:00Z","2017-02-18T14:30:00Z",-1.535,-1.652,-1.450,0.004,77,0.096,0.007,1
"2017-02-18T14:30:00Z","2017-02-18T15:00:00Z",-1.371,-1.462,-1.325,0.001,180,0.092,0.002,0
"2017-02-18T15:00:00Z","2017-02-18T15:30:00Z",-1.372,-1.409,-1.331,0.000,180,0.092,0.001,0
"2017-02-18T15:30:00Z","2017-02-18T16:00:00Z",-1.410,-1.450,-1.372,0.000,180,0.093,0.001,0
"2017-02-18T16:00:00Z","2017-02-18T16:30:00Z",-1.438,-1.468,-1.406,0.000,180,0.093,0.001,0
"2017-02-18T16:30:00Z","2017-02-18T17:00:00Z",-1.456,-1.506,-1.422,0.000,180,0.093,0.001,0
"2017-02-18T17:00:00Z","2017-02-18T17:30:00Z",-1.461,-1.487,-1.440,0.000,102,0.094,0.001,1
"2017-02-18T17:30:00Z","2017-02-18T18:00:00Z",-1.449,-1.644,-1.341,0.008,155,0.094,0.007,1
"2017-02-18T18:00:00Z","2017-02-18T18:30:00Z",-1.348,-1.373,-1.323,0.000,180,0.092,0.001,0
"2017-02-18T18:30:00Z","2017-02-18T19:00:00Z",-1.381,-1.416,-1.348,0.000,180,0.093,0.001,0
"2017-02-18T19:00:00Z","2017-02-18T19:30:00Z",-1.416,-1.444,-1.376,0.000,180,0.093,0.001,0
"2017-02-18T19:30:00Z","2017-02-18T20:00:00Z",-1.437,-1.463,-1.407,0.000,180,0.093,0.001,0
"2017-02-18T20:00:00Z","2017-02-18T20:30:00Z",-1.451,-1.476,-1.426,0.000,180,0.093,0.001,0
"2017-02-18T20:30:00Z","2017-02-18T21:00:00Z",-1.519,-1.642,-1.426,0.004,77,0.095,0.007,1
"2017-02-18T21:00:00Z","2017-02-18T21:30:00Z",-1.357,-1.439,-1.314,0.001,180,0.092,0.002,0
"2017-02-18T21:30:00Z","2017-02-18T22:00:00Z",-1.357,-1.395,-1.326,0.000,180,0.092,0.001,0
"2017-02-18T22:00:00Z","2017-02-18T22:30:00Z",-1.393,-1.420,-1.361,0.000,180,0.093,0.001,0
"2017-02-18T22:30:00Z","2017-02-18T23:00:00Z",-1.423,-1.464,-1.392,0.000,180,0.093,0.001,0
"2017-02-18T23:00:00Z","2017-02-18T23:30:00Z",-1.444,-1.473,-1.414,0.000,180,0.093,0.001,0
"2017-02-18T23:30:00Z","2017-02-19T00:00:00Z",-1.451,-1.479,-1.423,0.000,102,0.094,0.001,1
"2017-02-19T00:00:00Z","2017-02-19T00:30:00Z",-1.441,-1.646,-1.299,0.008,155,0.094,0.007,1
"2017-02-19T00:30:00Z","2017-02-19T01:00:00Z",-1.344,-1.390,-1.312,0.000,180,0.092,0.001,0
"2017-02-19T01:00:00Z","2017-02-19T01:30:00Z",-1.381,-1.424,-1.346,0.000,180,0.093,0.001,0
"2017-02-19T01:30:00Z","2017-02-19T02:00:00Z",-1.419,-1.458,-1.383,0.000,180,0.093,0.001,0
"2017-02-19T02:00:00Z","2017-02-19T02:30:00Z",-1.441,-1.474,-1.415,0.000,180,0.093,0.001,0
"2017-02-19T02:30:00Z","2017-02-19T03:00:00Z",-1.456,-1.486,-1.427,0.000,180,0.094,0.001,0
"2017-02-19T03:00:00Z","2017-02-19T03:30:00Z",-1.527,-1.659,-1.437,0.004,77,0.096,0.007,1
"2017-02-19T03:30:00Z","2017-02-19T04:00:00Z",-1.362,-1.459,-1.321,0.001,180,0.092,0.002,0
"2017-02-19T04:00:00Z","2017-02-19T04:30:00Z",-1.363,-1.412,-1.328,0.000,180,0.092,0.001,0
"2017-02-19T04:30:00Z","2017-02-19T05:00:00Z",-1.402,-1.440,-1.365,0.000,180,0.093,0.001,0
"2017-02-19T05:00:00Z","2017-02-19T05:30:00Z",-1.429,-1.456,-1.399,0.000,180,0.093,0.001,0
"2017-02-19T05:30:00Z","2017-02-19T06:00:00Z",-1.445,-1.471,-1.421,0.000,180,0.094,0.001,0
"2017-02-19T06:00:00Z","2017-02-19T06:30:00Z",-1.453,-1.484,-1.431,0.000,102,0.094,0.001,1
"2017-02-19T06:30:00Z","2017-02-19T07:00:00Z",-1.442,-1.638,-1.331,0.008,155,0.094,0.007,1
"2017-02-19T07:00:00Z","2017-02-19T07:30:00Z",-1.347,-1.375,-1.316,0.000,180,0.092,0.001,0
"2017-02-19T07:30:00Z","2017-02-19T08:00:00Z",-1.381,-1.422,-1.353,0.000,180,0.093,0.001,0
"2017-02-19T08:00:00Z","2017-02-19T08:30:00Z",-1.413,-1.444,-1.381,0.000,180,0.093,0.001,0
"2017-02-19T08:30:00Z","2017-02-19T09:00:00Z",-1.434,-1.469,-1.406,0.000,180,0.093,0.001,0
"2017-02-19T09:00:00Z","2017-02-19T09:30:00Z",-1.447,-1.472,-1.422,0.000,180,0.094,0.001,0
"2017-02-19T09:30:00Z","2017-02-19T10:00:00Z",-1.518,-1.635,-1.432,0.004,77,0.096,0.007,1
"2017-02-19T10:00:00Z","2017-02-19T10:30:00Z",-1.357,-1.460,-1.310,0.001,180,0.092,0.002,0
"2017-02-19T10:30:00Z","2017-02-19T11:00:00Z",-1.356,-1.394,-1.319,0.000,180,0.092,0.001,0
"2017-02-19T11:00:00Z","2017-02-19T11:30:00Z",-1.395,-1.438,-1.360,0.000,180,0.093,0.001,0
"2017-02-19T11:30:00Z","2017-02-19T12:00:00Z",-1.422,-1.454,-1.394,0.000,180,0.093,0.001,0
"2017-02-19T12:00:00Z","2017-02-19T12:30:00Z",-1.440,-1.473,-1.419,0.000,180,0.094,0.001,0
"2017-02-19T12:30:00Z","2017-02-19T13:00:00Z",-1.449,-1.476,-1.429,0.000,102,0.094,0.001,1
"2017-02-19T13:00:00Z","2017-02-19T13:30:00Z",-1.440,-1.633,-1.326,0.008,155,0.095,0.007,1
"2017-02-19T13:30:00Z","2017-02-19T14:00:00Z",-1.343,-1.379,-1.307,0.000,180,0.092,0.001,0
"2017-02-19T14:00:00Z","2017-02-19T14:30:00Z",-1.376,-1.414,-1.342,0.000,180,0.093,0.001,0
"2017-02-19T14:30:00Z","2017-02-19T15:00:00Z",-1.408,-1.433,-1.370,0.000,180,0.093,0.001,0
"2017-02-19T15:00:00Z","2017-02-19T15:30:00Z",-1.432,-1.473,-1.404,0.000,180,0.093,0.001,0
"2017-02-19T15:30:00Z","2017-02-19T16:00:00Z",-1.446,-1.486,-1.411,0.000,180,0.094,0.001,0
"2017-02-19T16:00:00Z","2017-02-19T16:30:00Z",-1.519,-1.639,-1.436,0.003,77,0.095,0.007,1
"2017-02-19T16:30:00Z","2017-02-19T17:00:00Z",-1.360,-1.451,-1.301,0.001,180,0.093,0.002,0
"2017-02-19T17:00:00Z","2017-02-19T17:30:00Z",-1.358,-1.395,-1.323,0.000,180,0.092,0.001,0
"2017-02-19T17:30:00Z","2017-02-19T18:00:00Z",-1.398,-1.436,-1.361,0.000,180,0.093,0.001,0
"2017-02-19T18:00:00Z","2017-02-19T18:30:00Z",-1.420,-1.451,-1.395,0.000,180,0.093,0.001,0
"2017-02-19T18:30:00Z","2017-02-19T19:00:00Z",-1.442,-1.470,-1.417,0.000,180,0.094,0.001,0
"2017-02-19T19:00:00Z","2017-02-19T19:30:00Z",-1.452,-1.482,-1.432,0.000,102,0.094,0.001,1
"2017-02-19T19:30:00Z","2017-02-19T20:00:00Z",-1.437,-1.626,-1.326,0.008,155,0.094,0.007,1
"2017-02-19T20:00:00Z","2017-02-19T20:30:00Z",-1.340,-1.370,-1.317,0.000,180,0.092,0.001,0
"2017-02-19T20:30:00Z","2017-02-19T21:00:00Z",-1.374,-1.417,-1.335,0.000,180,0.093,0.001,0
"2017-02-19T21:00:00Z","2017-02-19T21:30:00Z",-1.410,-1.439,-1.376,0.000,180,0.093,0.001,0
"2017-02-19T21:30:00Z","2017-02-19T22:00:00Z",-1.433,-1.464,-1.398,0.000,180,0.093,0.001,0
"2017-02-19T22:00:00Z","2017-02-19T22:30:00Z",-1.447,-1.473,-1.420,0.000,180,0.094,0.001,0
"2017-02-19T22:30:00Z","2017-02-19T23:00:00Z",-1.510,-1.623,-1.420,0.004,77,0.095,0.007,1
"2017-02-19T23:00:00Z","2017-02-19T23:30:00Z",-1.354,-1.441,-1.313,0.001,180,0.092,0.002,0
"2017-02-19T23:30:00Z","2017-02-20T00:00:00Z",-1.358,-1.401,-1.320,0.000,180,0.092,0.001,0
"2017-02-20T00:00:00Z","2017-02-20T00:30:00Z",-1.396,-1.441,-1.360,0.000,180,0.093,0.001,0
"2017-02-20T00:30:00Z","2017-02-20T01:00:00Z",-1.428,-1.466,-1.395,0.000,180,0.093,0.001,0
"2017-02-20T01:00:00Z","2017-02-20T01:30:00Z",-1.444,-1.485,-1.413,0.000,180,0.094,0.001,0
"2017-02-20T01:30:00Z","2017-02-20T02:00:00Z",-1.453,-1.485,-1.426,0.000,102,0.094,0.001,1
"2017-02-20T02:00:00Z","2017-02-20T02:30:00Z",-1.441,-1.635,-1.329,0.007,155,0.094,0.007,1
"2017-02-20T02:30:00Z","2017-02-20T03:00:00Z",-1.349,-1.388,-1.316,0.000,180,0.092,0.001,0
"2017-02-20T03:00:00Z","2017-02-20T03:30:00Z",-1.383,-1.423,-1.348,0.000,180,0.093,0.001,0
"2017-02-20T03:30:00Z","2017-02-20T04:00:00Z",-1.415,-1.451,-1.385,0.000,180,0.093,0.001,0
"2017-02-20T04:00:00Z","2017-02-20T04:30:00Z",-1.439,-1.470,-1.401,0.000,180,0.094,0.001,0
"2017-02-20T04:30:00Z","2017-02-20T05:00:00Z",-1.451,-1.482,-1.426,0.000,180,0.094,0.001,0
"2017-02-20T05:00:00Z","2017-02-20T05:30:00Z",-1.516,-1.644,-1.416,0.004,77,0.095,0.007,1
"2017-02-20T05:30:00Z","2017-02-20T06:00:00Z",-1.361,-1.460,-1.316,0.001,180,0.093,0.002,0
"2017-02-20T06:00:00Z","2017-02-20T06:30:00Z",-1.363,-1.407,-1.332,0.000,180,0.092,0.001,0
"2017-02-20T06:30:00Z","2017-02-20T07:00:00Z",-1.402,-1.435,-1.366,0.000,180,0.093,0.001,0
"2017-02-20T07:00:00Z","2017-02-20T07:30:00Z",-1.431,-1.469,-1.407,0.000,180,0.093,0.001,0
"2017-02-20T07:30:00Z","2017-02-20T08:00:00Z",-1.449,-1.475,-1.428,0.000,180,0.094,0.001,0
"2017-02-20T08:00:00Z","2017-02-20T08:30:00Z",-1.459,-1.494,-1.438,0.000,102,0.094,0.001,1
"2017-02-20T08:30:00Z","2017-02-20T09:00:00Z",-1.446,-1.638,-1.335,0.007,155,0.094,0.007,1
"2017-02-20T09:00:00Z","2017-02-20T09:30:00Z",-1.350,-1.388,-1.322,0.000,180,0.092,0.001,0
"2017-02-20T09:30:00Z","2017-02-20T10:00:00Z",-1.384,-1.422,-1.350,0.000,180,0.093,0.001,0
"2017-02-20T10:00:00Z","2017-02-20T10:30:00Z",-1.416,-1.450,-1.385,0.000,180,0.093,0.001,0
"2017-02-20T10:30:00Z","2017-02-20T11:00:00Z",-1.437,-1.466,-1.410,0.000,180,0.093,0.001,0
"2017-02-20T11:00:00Z","2017-02-20T11:30:00Z",-1.446,-1.482,-1.404,0.000,180,0.094,0.001,0
"2017-02-20T11:30:00Z","2017-02-20T12:00:00Z",-1.519,-1.641,-1.431,0.004,77,0.095,0.007,1
"2017-02-20T12:00:00Z","2017-02-20T12:30:00Z",-1.362,-1.453,-1.319,0.001,180,0.092,0.002,0
"2017-02-20T12:30:00Z","2017-02-20T13:00:00Z",-1.361,-1.397,-1.328,0.000,180,0.092,0.001,0
"2017-02-20T13:00:00Z","2017-02-20T13:30:00Z",-1.398,-1.441,-1.369,0.000,180,0.093,0.001,0
"2017-02-20T13:30:00Z","2017-02-20T14:00:00Z",-1.425,-1.453,-1.400,0.000,180,0.093,0.001,0
"2017-02-20T14:00:00Z","2017-02-20T14:30:00Z",-1.443,-1.472,-1.419,0.000,180,0.094,0.001,0
"2017-02-20T14:30:00Z","2017-02-20T15:00:00Z",-1.456,-1.481,-1.431,0.000,102,0.094,0.001,1
"2017-02-20T15:00:00Z","2017-02-20T15:30:00Z",-1.443,-1.625,-1.337,0.007,155,0.094,0.007,1
"2017-02-20T15:30:00Z","2017-02-20T16:00:00Z",-1.350,-1.384,-1.325,0.000,180,0.092,0.001,0
"2017-02-20T16:00:00Z","2017-02-20T16:30:00Z",-1.384,-1.425,-1.343,0.000,180,0.093,0.001,0
"2017-02-20T16:30:00Z","2017-02-20T17:00:00Z",-1.417,-1.456,-1.378,0.000,180,0.093,0.001,0
"2017-02-20T17:00:00Z","2017-02-20T17:30:00Z",-1.439,-1.468,-1.412,0.000,180,0.093,0.001,0
"2017-02-20T17:30:00Z","2017-02-20T18:00:00Z",-1.457,-1.481,-1.437,0.000,180,0.094,0.001,0
"2017-02-20T18:00:00Z","2017-02-20T18:30:00Z",-1.518,-1.636,-1.433,0.003,77,0.095,0.006,1
"2017-02-20T18:30:00Z","2017-02-20T19:00:00Z",-1.363,-1.437,-1.324,0.001,180,0.092,0.002,0
"2017-02-20T19:00:00Z","2017-02-20T19:30:00Z",-1.365,-1.405,-1.330,0.000,180,0.092,0.001,0
"2017-02-20T19:30:00Z","2017-02-20T20:00:00Z",-1.398,-1.427,-1.368,0.000,180,0.093,0.001,0
"2017-02-20T20:00:00Z","2017-02-20T20:30:00Z",-1.429,-1.471,-1.383,0.000,180,0.093,0.001,0
"2017-02-20T20:30:00Z","2017-02-20T21:00:00Z",-1.445,-1.483,-1.390,0.000,180,0.094,0.001,0
"2017-02-20T21:00:00Z","2017-02-20T21:30:00Z",-1.455,-1.487,-1.427,0.000,102,0.094,0.001,1
"2017-02-20T21:30:00Z","2017-02-20T22:00:00Z",-1.435,-1.617,-1.336,0.007,155,0.094,0.007,1
"2017-02-20T22:00:00Z","2017-02-20T22:30:00Z",-1.347,-1.380,-1.298,0.000,180,0.092,0.001,0
"2017-02-20T22:30:00Z","2017-02-20T23:00:00Z",-1.381,-1.417,-1.348,0.000,180,0.093,0.001,0
"2017-02-20T23:00:00Z","2017-02-20T23:30:00Z",-1.414,-1.445,-1.383,0.000,180,0.093,0.001,0
"2017-02-20T23:30:00Z","2017-02-21T00:00:00Z",-1.436,-1.483,-1.408,0.000,180,0.093,0.001,0
"2017-02-21T00:00:00Z","2017-02-21T00:30:00Z",-1.453,-1.486,-1.423,0.000,180,0.094,0.001,0
"2017-02-21T00:30:00Z","2017-02-21T01:00:00Z",-1.511,-1.623,-1.432,0.003,77,0.095,0.006,1
"2017-02-21T01:00:00Z","2017-02-21T01:30:00Z",-1.355,-1.435,-1.310,0.001,180,0.092,0.002,0
"2017-02-21T01:30:00Z","2017-02-21T02:00:00Z",-1.357,-1.404,-1.326,0.000,180,0.092,0.001,0
"2017-02-21T02:00:00Z","2017-02-21T02:30:00Z",-1.393,-1.435,-1.354,0.000,180,0.093,0.001,0
"2017-02-21T02:30:00Z","2017-02-21T03:00:00Z",-1.422,-1.463,-1.392,0.000,180,0.093,0.001,0
"2017-02-21T03:00:00Z","2017-02-21T03:30:00Z",-1.443,-1.473,-1.413,0.000,180,0.093,0.001,0
"2017-02-21T03:30:00Z","2017-02-21T04:00:00Z",-1.450,-1.482,-1.429,0.000,102,0.094,0.001,1
"2017-02-21T04:00:00Z","2017-02-21T04:30:00Z",-1.432,-1.604,-1.323,0.007,155,0.094,0.007,1
"2017-02-21T04:30:00Z","2017-02-21T05:00:00Z",-1.340,-1.370,-1.314,0.000,180,0.092,0.001,0
"2017-02-21T05:00:00Z","2017-02-21T05:30:00Z",-1.373,-1.404,-1.335,0.000,180,0.093,0.001,0
"2017-02-21T05:30:00Z","2017-02-21T06:00:00Z",-1.404,-1.438,-1.370,0.000,180,0.093,0.001,0
"2017-02-21T06:00:00Z","2017-02-21T06:30:00Z",-1.426,-1.460,-1.395,0.000,180,0.093,0.001,0
"2017-02-21T06:30:00Z","2017-02-21T07:00:00Z",-1.442,-1.476,-1.410,0.000,180,0.093,0.001,0
"2017-02-21T07:00:00Z","2017-02-21T07:30:00Z",-1.499,-1.607,-1.420,0.003,77,0.095,0.006,1
"2017-02-21T07:30:00Z","2017-02-21T08:00:00Z",-1.349,-1.438,-1.310,0.001,180,0.092,0.002,0
"2017-02-21T08:00:00Z","2017-02-21T08:30:00Z",-1.348,-1.385,-1.313,0.000,180,0.092,0.001,0
"2017-02-21T08:30:00Z","2017-02-21T09:00:00Z",-1.383,-1.426,-1.354,0.000,180,0.093,0.001,0
"2017-02-21T09:00:00Z","2017-02-21T09:30:00Z",-1.411,-1.441,-1.382,0.000,180,0.093,0.001,0
"2017-02-21T09:30:00Z","2017-02-21T10:00:00Z",-1.430,-1.463,-1.404,0.000,179,0.093,0.001,0
"2017-02-21T10:00:00Z","2017-02-21T10:30:00Z",,,,,,,,1
"2017-02-21T10:30:00Z","2017-02-21T11:00:00Z",,,,,,,,1
"2017-02-21T11:00:00Z","2017-02-21T11:30:00Z",,,,,,,,1
"2017-02-21T11:30:00Z","2017-02-21T12:00:00Z",,,,,,,,1
"2017-02-21T12:00:00Z","2017-02-21T12:30:00Z",,,,,,,,1
"2017-02-21T12:30:00Z","2017-02-21T13:00:00Z",,,,,,,,1
"2017-02-21T13:00:00Z","2017-02-21T13:30:00Z",,,,,,,,1
"2017-02-21T13:30:00Z","2017-02-21T14:00:00Z",,,,,,,,1
"2017-02-21T14:00:00Z","2017-02-21T14:30:00Z",,,,,,,,1
"2017-02-21T14:30:00Z","2017-02-21T15:00:00Z",,,,,,,,1
"2017-02-21T15:00:00Z","2017-02-21T15:30:00Z",,,,,,,,1
"2017-02-21T15:30:00Z","2017-02-21T16:00:00Z",,,,,,,,1
"2017-02-21T16:00:00Z","2017-02-21T16:30:00Z",-1.425,-1.454,-1.398,0.000,180,0.043,0.001,1
"2017-02-21T16:30:00Z","2017-02-21T17:00:00Z",-1.438,-1.466,-1.404,0.000,102,0.043,0.001,1
"2017-02-21T17:00:00Z","2017-02-21T17:30:00Z",-1.416,-1.575,-1.313,0.006,155,0.094,0.006,1
"2017-02-21T17:30:00Z","2017-02-21T18:00:00Z",-1.326,-1.353,-1.300,0.000,180,0.092,0.001,0
"2017-02-21T18:00:00Z","2017-02-21T18:30:00Z",-1.355,-1.400,-1.322,0.000,180,0.092,0.001,0
"2017-02-21T18:30:00Z","2017-02-21T19:00:00Z",-1.390,-1.422,-1.357,0.000,180,0.093,0.001,0
"2017-02-21T19:00:00Z","2017-02-21T19:30:00Z",-1.413,-1.447,-1.385,0.000,180,0.093,0.001,0
"2017-02-21T19:30:00Z","2017-02-21T20:00:00Z",-1.427,-1.450,-1.394,0.000,180,0.093,0.001,0
"2017-02-21T20:00:00Z","2017-02-21T20:30:00Z",-1.485,-1.580,-1.406,0.003,77,0.095,0.006,1
"2017-02-21T20:30:00Z","2017-02-21T21:00:00Z",-1.332,-1.412,-1.290,0.001,180,0.092,0.002,0
"2017-02-21T21:00:00Z","2017-02-21T21:30:00Z",-1.337,-1.375,-1.303,0.000,180,0.092,0.001,0
"2017-02-21T21:30:00Z","2017-02-21T22:00:00Z",-1.375,-1.409,-1.331,0.000,180,0.092,0.001,0
"2017-02-21T22:00:00Z","2017-02-21T22:30:00Z",-1.407,-1.440,-1.371,0.000,180,0.093,0.001,0
"2017-02-21T22:30:00Z","2017-02-21T23:00:00Z",-1.425,-1.459,-1.403,0.000,180,0.093,0.001,0
"2017-02-21T23:00:00Z","2017-02-21T23:30:00Z",-1.437,-1.468,-1.409,0.000,102,0.093,0.001,1
"2017-02-21T23:30:00Z","2017-02-22T00:00:00Z",-1.416,-1.614,-1.315,0.006,155,0.094,0.006,1
"2017-02-22T00:00:00Z","2017-02-22T00:30:00Z",-1.331,-1.374,-1.299,0.000,180,0.092,0.001,0
"2017-02-22T00:30:00Z","2017-02-22T01:00:00Z",-1.366,-1.408,-1.324,0.000,180,0.092,0.001,0
"2017-02-22T01:00:00Z","2017-02-22T01:30:00Z",-1.400,-1.443,-1.365,0.000,180,0.093,0.001,0
"2017-02-22T01:30:00Z","2017-02-22T02:00:00Z",-1.426,-1.477,-1.393,0.000,180,0.093,0.001,0
"2017-02-22T02:00:00Z","2017-02-22T02:30:00Z",-1.441,-1.471,-1.412,0.000,180,0.093,0.001,0
"2017-02-22T02:30:00Z","2017-02-22T03:00:00Z",-1.495,-1.597,-1.414,0.003,77,0.095,0.006,1
"2017-02-22T03:00:00Z","2017-02-22T03:30:00Z",-1.347,-1.423,-1.299,0.001,180,0.092,0.002,0
"2017-02-22T03:30:00Z","2017-02-22T04:00:00Z",-1.349,-1.392,-1.320,0.000,180,0.092,0.001,0
"2017-02-22T04:00:00Z","2017-02-22T04:30:00Z",-1.388,-1.423,-1.358,0.000,180,0.093,0.001,0
"2017-02-22T04:30:00Z","2017-02-22T05:00:00Z",-1.417,-1.457,-1.389,0.000,180,0.093,0.001,0
"2017-02-22T05:00:00Z","2017-02-22T05:30:00Z",-1.433,-1.467,-1.407,0.000,180,0.093,0.001,0
"2017-02-22T05:30:00Z","2017-02-22T06:00:00Z",-1.446,-1.476,-1.423,0.000,102,0.093,0.001,1
"2017-02-22T06:00:00Z","2017-02-22T06:30:00Z",-1.422,-1.597,-1.326,0.006,155,0.094,0.006,1
"2017-02-22T06:30:00Z","2017-02-22T07:00:00Z",-1.339,-1.373,-1.310,0.000,180,0.092,0.001,0
"2017-02-22T07:00:00Z","2017-02-22T07:30:00Z",-1.371,-1.407,-1.335,0.000,180,0.092,0.001,0
"2017-02-22T07:30:00Z","2017-02-22T08:00:00Z",-1.404,-1.438,-1.373,0.000,180,0.093,0.001,0
"2017-02-22T08:00:00Z","2017-02-22T08:30:00Z",-1.425,-1.457,-1.391,0.000,180,0.093,0.001,0
"2017-02-22T08:30:00Z","2017-02-22T09:00:00Z",-1.442,-1.475,-1.410,0.000,180,0.093,0.001,0
"2017-02-22T09:00:00Z","2017-02-22T09:30:00Z",-1.494,-1.590,-1.397,0.002,77,0.095,0.006,1
"2017-02-22T09:30:00Z","2017-02-22T10:00:00Z",-1.351,-1.428,-1.313,0.001,180,0.092,0.002,0
"2017-02-22T10:00:00Z","2017-02-22T10:30:00Z",-1.351,-1.388,-1.322,0.000,180,0.092,0.001,0
"2017-02-22T10:30:00Z","2017-02-22T11:00:00Z",-1.387,-1.428,-1.357,0.000,180,0.092,0.001,0
"2017-02-22T11:00:00Z","2017-02-22T11:30:00Z",-1.415,-1.453,-1.385,0.000,180,0.093,0.001,0
"2017-02-22T11:30:00Z","2017-02-22T12:00:00Z",-1.434,-1.466,-1.400,0.000,180,0.093,0.001,0
"2017-02-22T12:00:00Z","2017-02-22T12:30:00Z",-1.445,-1.475,-1.419,0.000,102,0.093,0.001,1
"2017-02-22T12:30:00Z","2017-02-22T13:00:00Z",-1.423,-1.592,-1.325,0.006,155,0.094,0.006,1
"2017-02-22T13:00:00Z","2017-02-22T13:30:00Z",-1.339,-1.368,-1.306,0.000,180,0.092,0.001,0
"2017-02-22T13:30:00Z","2017-02-22T14:00:00Z",-1.369,-1.406,-1.337,0.000,180,0.092,0.001,0
"2017-02-22T14:00:00Z","2017-02-22T14:30:00Z",-1.403,-1.440,-1.365,0.000,180,0.093,0.001,0
"2017-02-22T14:30:00Z","2017-02-22T15:00:00Z",-1.425,-1.459,-1.393,0.000,180,0.093,0.001,0
"2017-02-22T15:00:00Z","2017-02-22T15:30:00Z",-1.445,-1.474,-1.421,0.000,180,0.093,0.001,0
"2017-02-22T15:30:00Z","2017-02-22T16:00:00Z",-1.492,-1.583,-1.415,0.002,77,0.094,0.006,1
"2017-02-22T16:00:00Z","2017-02-22T16:30:00Z",-1.350,-1.430,-1.309,0.001,180,0.092,0.002,0
"2017-02-22T16:30:00Z","2017-02-22T17:00:00Z",-1.353,-1.387,-1.321,0.000,180,0.092,0.001,0
"2017-02-22T17:00:00Z","2017-02-22T17:30:00Z",-1.388,-1.427,-1.352,0.000,180,0.092,0.001,0
"2017-02-22T17:30:00Z","2017-02-22T18:00:00Z",-1.416,-1.446,-1.377,0.000,180,0.093,0.001,0
"2017-02-22T18:00:00Z","2017-02-22T18:30:00Z",-1.436,-1.468,-1.402,0.000,180,0.093,0.001,0
"2017-02-22T18:30:00Z","2017-02-22T19:00:00Z",-1.449,-1.492,-1.427,0.000,102,0.093,0.001,1
"2017-02-22T19:00:00Z","2017-02-22T19:30:00Z",-1.421,-1.594,-1.321,0.006,155,0.094,0.006,1
"2017-02-22T19:30:00Z","2017-02-22T20:00:00Z",-1.342,-1.380,-1.315,0.000,180,0.092,0.001,0
"2017-02-22T20:00:00Z","2017-02-22T20:30:00Z",-1.374,-1.411,-1.315,0.000,180,0.092,0.001,0
"2017-02-22T20:30:00Z","2017-02-22T21:00:00Z",-1.406,-1.439,-1.371,0.000,180,0.093,0.001,0
"2017-02-22T21:00:00Z","2017-02-22T21:30:00Z",-1.431,-1.461,-1.402,0.000,180,0.093,0.001,0
"2017-02-22T21:30:00Z","2017-02-22T22:00:00Z",-1.447,-1.492,-1.389,0.000,180,0.093,0.001,0
"2017-02-22T22:00:00Z","2017-02-22T22:30:00Z",-1.495,-1.600,-1.420,0.002,77,0.094,0.006,1
"2017-02-22T22:30:00Z","2017-02-22T23:00:00Z",-1.354,-1.432,-1.317,0.001,180,0.092,0.002,0
"2017-02-22T23:00:00Z","2017-02-22T23:30:00Z",-1.357,-1.398,-1.323,0.000,180,0.092,0.001,0
"2017-02-22T23:30:00Z","2017-02-23T00:00:00Z",-1.396,-1.441,-1.361,0.000,180,0.092,0.001,0
"2017-02-23T00:00:00Z","2017-02-23T00:30:00Z",-1.424,-1.463,-1.395,0.000,180,0.093,0.001,0
"2017-02-23T00:30:00Z","2017-02-23T01:00:00Z",-1.442,-1.472,-1.417,0.000,180,0.093,0.001,0
"2017-02-23T01:00:00Z","2017-02-23T01:30:00Z",-1.447,-1.472,-1.417,0.000,102,0.093,0.001,1
"2017-02-23T01:30:00Z","2017-02-23T02:00:00Z",-1.426,-1.590,-1.329,0.006,155,0.093,0.006,1
"2017-02-23T02:00:00Z","2017-02-23T02:30:00Z",-1.341,-1.378,-1.316,0.000,180,0.092,0.001,0
"2017-02-23T02:30:00Z","2017-02-23T03:00:00Z",-1.375,-1.419,-1.341,0.000,180,0.092,0.001,0
"2017-02-23T03:00:00Z","2017-02-23T03:30:00Z",-1.406,-1.444,-1.375,0.000,180,0.093,0.001,0
"2017-02-23T03:30:00Z","2017-02-23T04:00:00Z",-1.429,-1.462,-1.403,0.000,180,0.093,0.001,0
"2017-02-23T04:00:00Z","2017-02-23T04:30:00Z",-1.444,-1.475,-1.416,0.000,180,0.093,0.001,0
"2017-02-23T04:30:00Z","2017-02-23T05:00:00Z",-1.489,-1.577,-1.419,0.002,77,0.094,0.005,1
"2017-02-23T05:00:00Z","2017-02-23T05:30:00Z",-1.351,-1.434,-1.313,0.001,180,0.092,0.002,0
"2017-02-23T05:30:00Z","2017-02-23T06:00:00Z",-1.355,-1.397,-1.304,0.000,180,0.092,0.001,0
"2017-02-23T06:00:00Z","2017-02-23T06:30:00Z",-1.392,-1.447,-1.313,0.000,180,0.092,0.002,0
"2017-02-23T06:30:00Z","2017-02-23T07:00:00Z",-1.421,-1.506,-1.372,0.000,180,0.093,0.001,0
"2017-02-23T07:00:00Z","2017-02-23T07:30:00Z",-1.438,-1.475,-1.413,0.000,180,0.093,0.001,0
"2017-02-23T07:30:00Z","2017-02-23T08:00:00Z",-1.450,-1.518,-1.360,0.001,102,0.093,0.003,1
"2017-02-23T08:00:00Z","2017-02-23T08:30:00Z",-1.419,-1.580,-1.307,0.006,155,0.093,0.006,1
"2017-02-23T08:30:00Z","2017-02-23T09:00:00Z",-1.340,-1.403,-1.294,0.000,180,0.092,0.001,0
"2017-02-23T09:00:00Z","2017-02-23T09:30:00Z",-1.371,-1.409,-1.341,0.000,180,0.092,0.001,0
"2017-02-23T09:30:00Z","2017-02-23T10:00:00Z",-1.405,-1.437,-1.375,0.000,180,0.093,0.001,0
"2017-02-23T10:00:00Z","2017-02-23T10:30:00Z",-1.428,-1.456,-1.400,0.000,180,0.093,0.001,0
"2017-02-23T10:30:00Z","2017-02-23T11:00:00Z",-1.443,-1.468,-1.418,0.000,180,0.093,0.001,0
"2017-02-23T11:00:00Z","2017-02-23T11:30:00Z",-1.487,-1.570,-1.409,0.002,77,0.094,0.005,1
"2017-02-23T11:30:00Z","2017-02-23T12:00:00Z",-1.350,-1.424,-1.309,0.001,180,0.092,0.002,0
"2017-02-23T12:00:00Z","2017-02-23T12:30:00Z",-1.350,-1.390,-1.316,0.000,180,0.092,0.001,0
"2017-02-23T12:30:00Z","2017-02-23T13:00:00Z",-1.387,-1.427,-1.347,0.000,180,0.092,0.001,0
"2017-02-23T13:00:00Z","2017-02-23T13:30:00Z",-1.416,-1.443,-1.390,0.000,180,0.093,0.001,0
"2017-02-23T13:30:00Z","2017-02-23T14:00:00Z",-1.436,-1.468,-1.409,0.000,180,0.093,0.001,0
"2017-02-23T14:00:00Z","2017-02-23T14:30:00Z",-1.446,-1.474,-1.421,0.000,102,0.093,0.001,1
"2017-02-23T14:30:00Z","2017-02-23T15:00:00Z",-1.417,-1.573,-1.318,0.005,155,0.093,0.006,1
"2017-02-23T15:00:00Z","2017-02-23T15:30:00Z",-1.338,-1.374,-1.309,0.000,180,0.092,0.001,0
"2017-02-23T15:30:00Z","2017-02-23T16:00:00Z",-1.369,-1.418,-1.328,0.000,180,0.092,0.001,0
"2017-02-23T16:00:00Z","2017-02-23T16:30:00Z",-1.402,-1.427,-1.374,0.000,180,0.092,0.001,0
"2017-02-23T16:30:00Z","2017-02-23T17:00:00Z",-1.428,-1.461,-1.396,0.000,180,0.093,0.001,0
"2017-02-23T17:00:00Z","2017-02-23T17:30:00Z",-1.444,-1.486,-1.374,0.000,180,0.093,0.001,0
"2017-02-23T17:30:00Z","2017-02-23T18:00:00Z",-1.484,-1.656,-1.389,0.003,77,0.094,0.006,1
"2017-02-23T18:00:00Z","2017-02-23T18:30:00Z",-1.346,-1.435,-1.293,0.001,180,0.092,0.002,0
"2017-02-23T18:30:00Z","2017-02-23T19:00:00Z",-1.349,-1.395,-1.299,0.000,180,0.092,0.001,0
"2017-02-23T19:00:00Z","2017-02-23T19:30:00Z",-1.385,-1.417,-1.352,0.000,180,0.092,0.001,0
"2017-02-23T19:30:00Z","2017-02-23T20:00:00Z",-1.411,-1.451,-1.380,0.000,180,0.092,0.001,0
"2017-02-23T20:00:00Z","2017-02-23T20:30:00Z",-1.427,-1.460,-1.398,0.000,180,0.093,0.001,0
"2017-02-23T20:30:00Z","2017-02-23T21:00:00Z",-1.437,-1.494,-1.383,0.000,102,0.093,0.002,1
"2017-02-23T21:00:00Z","2017-02-23T21:30:00Z",-1.405,-1.562,-1.308,0.005,155,0.093,0.006,1
"2017-02-23T21:30:00Z","2017-02-23T22:00:00Z",-1.326,-1.361,-1.296,0.000,180,0.091,0.001,0
"2017-02-23T22:00:00Z","2017-02-23T22:30:00Z",-1.360,-1.401,-1.327,0.000,180,0.092,0.001,0
"2017-02-23T22:30:00Z","2017-02-23T23:00:00Z",-1.392,-1.432,-1.358,0.000,180,0.092,0.001,0
"2017-02-23T23:00:00Z","2017-02-23T23:30:00Z",-1.412,-1.441,-1.389,0.000,180,0.093,0.001,0
"2017-02-23T23:30:00Z","2017-02-24T00:00:00Z",-1.428,-1.454,-1.404,0.000,180,0.093,0.001,0
"2017-02-24T00:00:00Z","2017-02-24T00:30:00Z",-1.462,-1.544,-1.382,0.002,77,0.094,0.005,1
"2017-02-24T00:30:00Z","2017-02-24T01:00:00Z",-1.329,-1.395,-1.296,0.001,180,0.091,0.002,0
"2017-02-24T01:00:00Z","2017-02-24T01:30:00Z",-1.333,-1.382,-1.302,0.000,180,0.091,0.001,0
"2017-02-24T01:30:00Z","2017-02-24T02:00:00Z",-1.370,-1.420,-1.336,0.000,180,0.092,0.001,0
"2017-02-24T02:00:00Z","2017-02-24T02:30:00Z",-1.397,-1.429,-1.370,0.000,180,0.092,0.001,0
"2017-02-24T02:30:00Z","2017-02-24T03:00:00Z",-1.414,-1.438,-1.382,0.000,180,0.093,0.001,0
"2017-02-24T03:00:00Z","2017-02-24T03:30:00Z",-1.425,-1.457,-1.401,0.000,102,0.093,0.001,1
"2017-02-24T03:30:00Z","2017-02-24T04:00:00Z",-1.396,-1.544,-1.293,0.005,155,0.093,0.006,1
"2017-02-24T04:00:00Z","2017-02-24T04:30:00Z",-1.317,-1.355,-1.293,0.000,180,0.091,0.001,0
"2017-02-24T04:30:00Z","2017-02-24T05:00:00Z",-1.348,-1.386,-1.302,0.000,180,0.092,0.001,0
"2017-02-24T05:00:00Z","2017-02-24T05:30:00Z",-1.381,-1.413,-1.351,0.000,180,0.092,0.001,0
"2017-02-24T05:30:00Z","2017-02-24T06:00:00Z",-1.402,-1.438,-1.367,0.000,180,0.092,0.001,0
"2017-02-24T06:00:00Z","2017-02-24T06:30:00Z",-1.415,-1.444,-1.389,0.000,180,0.093,0.001,0
"2017-02-24T06:30:00Z","2017-02-24T07:00:00Z",-1.454,-1.537,-1.379,0.002,77,0.094,0.005,1
"2017-02-24T07:00:00Z","2017-02-24T07:30:00Z",-1.320,-1.395,-1.277,0.001,180,0.091,0.002,0
"2017-02-24T07:30:00Z","2017-02-24T08:00:00Z",-1.320,-1.358,-1.283,0.000,180,0.091,0.001,0
"2017-02-24T08:00:00Z","2017-02-24T08:30:00Z",-1.356,-1.385,-1.323,0.000,180,0.092,0.001,0
"2017-02-24T08:30:00Z","2017-02-24T09:00:00Z",-1.381,-1.420,-1.342,0.000,180,0.092,0.001,0
"2017-02-24T09:00:00Z","2017-02-24T09:30:00Z",-1.403,-1.438,-1.367,0.000,180,0.092,0.001,0
"2017-02-24T09:30:00Z","2017-02-24T10:00:00Z",-1.415,-1.444,-1.392,0.000,102,0.093,0.001,1
"2017-02-24T10:00:00Z","2017-02-24T10:30:00Z",-1.384,-1.535,-1.283,0.005,155,0.093,0.006,1
"2017-02-24T10:30:00Z","2017-02-24T11:00:00Z",-1.305,-1.339,-1.271,0.000,180,0.091,0.001,0
"2017-02-24T11:00:00Z","2017-02-24T11:30:00Z",-1.335,-1.380,-1.299,0.000,180,0.092,0.001,0
"2017-02-24T11:30:00Z","2017-02-24T12:00:00Z",-1.368,-1.414,-1.333,0.000,180,0.092,0.001,0
"2017-02-24T12:00:00Z","2017-02-24T12:30:00Z",-1.392,-1.420,-1.361,0.000,180,0.092,0.001,0
"2017-02-24T12:30:00Z","2017-02-24T13:00:00Z",-1.405,-1.429,-1.377,0.000,180,0.092,0.001,0
"2017-02-24T13:00:00Z","2017-02-24T13:30:00Z",-1.440,-1.522,-1.361,0.002,77,0.093,0.005,1
"2017-02-24T13:30:00Z","2017-02-24T14:00:00Z",-1.306,-1.385,-1.258,0.001,180,0.091,0.002,0
"2017-02-24T14:00:00Z","2017-02-24T14:30:00Z",-1.308,-1.348,-1.265,0.000,180,0.091,0.001,0
"2017-02-24T14:30:00Z","2017-02-24T15:00:00Z",-1.343,-1.382,-1.311,0.000,180,0.092,0.001,0
"2017-02-24T15:00:00Z","2017-02-24T15:30:00Z",-1.369,-1.401,-1.333,0.000,180,0.092,0.001,0
"2017-02-24T15:30:00Z","2017-02-24T16:00:00Z",-1.392,-1.420,-1.354,0.000,180,0.092,0.001,0
"2017-02-24T16:00:00Z","2017-02-24T16:30:00Z",-1.399,-1.426,-1.370,0.000,102,0.092,0.001,1
"2017-02-24T16:30:00Z","2017-02-24T17:00:00Z",-1.368,-1.522,-1.277,0.005,155,0.093,0.006,1
"2017-02-24T17:00:00Z","2017-02-24T17:30:00Z",-1.288,-1.323,-1.252,0.000,180,0.091,0.001,0
"2017-02-24T17:30:00Z","2017-02-24T18:00:00Z",-1.320,-1.361,-1.271,0.000,180,0.091,0.001,0
"2017-02-24T18:00:00Z","2017-02-24T18:30:00Z",-1.354,-1.398,-1.314,0.000,180,0.092,0.001,0
"2017-02-24T18:30:00Z","2017-02-24T19:00:00Z",-1.377,-1.407,-1.351,0.000,180,0.092,0.001,0
"2017-02-24T19:00:00Z","2017-02-24T19:30:00Z",-1.388,-1.420,-1.358,0.000,180,0.092,0.001,0
"2017-02-24T19:30:00Z","2017-02-24T20:00:00Z",-1.420,-1.494,-1.339,0.002,77,0.093,0.005,1
"2017-02-24T20:00:00Z","2017-02-24T20:30:00Z",-1.290,-1.370,-1.252,0.001,180,0.091,0.002,0
"2017-02-24T20:30:00Z","2017-02-24T21:00:00Z",-1.295,-1.342,-1.252,0.000,180,0.091,0.001,0
"2017-02-24T21:00:00Z","2017-02-24T21:30:00Z",-1.330,-1.370,-1.287,0.000,180,0.091,0.001,0
"2017-02-24T21:30:00Z","2017-02-24T22:00:00Z",-1.356,-1.386,-1.321,0.000,180,0.092,0.001,0
"2017-02-24T22:00:00Z","2017-02-24T22:30:00Z",-1.373,-1.401,-1.342,0.000,180,0.092,0.001,0
"2017-02-24T22:30:00Z","2017-02-24T23:00:00Z",-1.383,-1.414,-1.349,0.000,102,0.092,0.001,1
"2017-02-24T23:00:00Z","2017-02-24T23:30:00Z",-1.348,-1.491,-1.256,0.005,155,0.092,0.006,1
"2017-02-24T23:30:00Z","2017-02-25T00:00:00Z",-1.273,-1.308,-1.246,0.000,180,0.091,0.001,0
"2017-02-25T00:00:00Z","2017-02-25T00:30:00Z",-1.301,-1.339,-1.274,0.000,180,0.091,0.001,0
"2017-02-25T00:30:00Z","2017-02-25T01:00:00Z",-1.332,-1.364,-1.299,0.000,180,0.091,0.001,0
"2017-02-25T01:00:00Z","2017-02-25T01:30:00Z",-1.350,-1.386,-1.314,0.000,180,0.092,0.001,0
"2017-02-25T01:30:00Z","2017-02-25T02:00:00Z",-1.366,-1.404,-1.336,0.000,180,0.092,0.001,0
"2017-02-25T02:00:00Z","2017-02-25T02:30:00Z",-1.404,-1.486,-1.340,0.002,77,0.093,0.005,1
"2017-02-25T02:30:00Z","2017-02-25T03:00:00Z",-1.281,-1.365,-1.188,0.001,180,0.091,0.002,0
"2017-02-25T03:00:00Z","2017-02-25T03:30:00Z",-1.267,-1.327,-1.175,0.001,180,0.091,0.003,0
"2017-02-25T03:30:00Z","2017-02-25T04:00:00Z",-1.300,-1.408,-1.203,0.002,179,0.091,0.003,0
"2017-02-25T04:00:00Z","2017-02-25T04:30:00Z",,,,,,,,1
"2017-02-25T04:30:00Z","2017-02-25T05:00:00Z",,,,,,,,1
"2017-02-25T05:00:00Z","2017-02-25T05:30:00Z",,,,,,,,1
"2017-02-25T05:30:00Z","2017-02-25T06:00:00Z",,,,,,,,1
"2017-02-25T06:00:00Z","2017-02-25T06:30:00Z",,,,,,,,1
"2017-02-25T06:30:00Z","2017-02-25T07:00:00Z",,,,,,,,1
"2017-02-25T07:00:00Z","2017-02-25T07:30:00Z",-1.329,-1.361,-1.299,0.000,180,0.040,0.001,1
"2017-02-25T07:30:00Z","2017-02-25T08:00:00Z",-1.354,-1.383,-1.321,0.000,180,0.041,0.001,1
"2017-02-25T08:00:00Z","2017-02-25T08:30:00Z",-1.372,-1.402,-1.343,0.000,180,0.041,0.001,1
"2017-02-25T08:30:00Z","2017-02-25T09:00:00Z",-1.404,-1.482,-1.327,0.002,77,0.093,0.005,1
"2017-02-25T09:00:00Z","2017-02-25T09:30:00Z",-1.277,-1.349,-1.237,0.001,180,0.091,0.002,0
"2017-02-25T09:30:00Z","2017-02-25T10:00:00Z",-1.279,-1.315,-1.237,0.000,180,0.091,0.001,0
"2017-02-25T10:00:00Z","2017-02-25T10:30:00Z",-1.316,-1.358,-1.278,0.000,180,0.091,0.001,0
"2017-02-25T10:30:00Z","2017-02-25T11:00:00Z",-1.345,-1.383,-1.309,0.000,180,0.092,0.001,0
"2017-02-25T11:00:00Z","2017-02-25T11:30:00Z",-1.369,-1.399,-1.337,0.000,180,0.092,0.001,0
"2017-02-25T11:30:00Z","2017-02-25T12:00:00Z",-1.382,-1.411,-1.355,0.000,102,0.092,0.001,1
"2017-02-25T12:00:00Z","2017-02-25T12:30:00Z",-1.346,-1.487,-1.255,0.004,155,0.092,0.005,1
"2017-02-25T12:30:00Z","2017-02-25T13:00:00Z",-1.275,-1.308,-1.236,0.000,180,0.091,0.001,0
"2017-02-25T13:00:00Z","2017-02-25T13:30:00Z",-1.313,-1.357,-1.264,0.000,180,0.091,0.001,0
"2017-02-25T13:30:00Z","2017-02-25T14:00:00Z",-1.357,-1.394,-1.320,0.000,180,0.092,0.001,0
"2017-02-25T14:00:00Z","2017-02-25T14:30:00Z",-1.392,-1.425,-1.351,0.000,180,0.092,0.001,0
"2017-02-25T14:30:00Z","2017-02-25T15:00:00Z",-1.423,-1.460,-1.385,0.000,180,0.093,0.001,0
"2017-02-25T15:00:00Z","2017-02-25T15:30:00Z",-1.465,-1.550,-1.401,0.002,77,0.093,0.005,1
"2017-02-25T15:30:00Z","2017-02-25T16:00:00Z",-1.355,-1.414,-1.318,0.000,180,0.092,0.001,0
"2017-02-25T16:00:00Z","2017-02-25T16:30:00Z",-1.385,-1.445,-1.340,0.001,180,0.092,0.002,0
"2017-02-25T16:30:00Z","2017-02-25T17:00:00Z",-1.445,-1.488,-1.389,0.000,180,0.093,0.001,0
"2017-02-25T17:00:00Z","2017-02-25T17:30:00Z",-1.497,-1.547,-1.463,0.000,180,0.094,0.001,0
"2017-02-25T17:30:00Z","2017-02-25T18:00:00Z",-1.540,-1.572,-1.500,0.000,180,0.094,0.001,0
"2017-02-25T18:00:00Z","2017-02-25T18:30:00Z",-1.562,-1.593,-1.538,0.000,102,0.094,0.001,1
"2017-02-25T18:30:00Z","2017-02-25T19:00:00Z",-1.536,-1.669,-1.456,0.004,155,0.094,0.005,1
"2017-02-25T19:00:00Z","2017-02-25T19:30:00Z",-1.477,-1.524,-1.450,0.000,180,0.093,0.001,0
"2017-02-25T19:30:00Z","2017-02-25T20:00:00Z",-1.529,-1.576,-1.487,0.000,180,0.094,0.002,0
"2017-02-25T20:00:00Z","2017-02-25T20:30:00Z",-1.577,-1.622,-1.542,0.000,180,0.094,0.001,0
"2017-02-25T20:30:00Z","2017-02-25T21:00:00Z",-1.604,-1.638,-1.576,0.000,180,0.095,0.001,0
"2017-02-25T21:00:00Z","2017-02-25T21:30:00Z",-1.634,-1.672,-1.604,0.000,180,0.095,0.001,0
"2017-02-25T21:30:00Z","2017-02-25T22:00:00Z",-1.673,-1.759,-1.603,0.001,77,0.096,0.004,1
"2017-02-25T22:00:00Z","2017-02-25T22:30:00Z",-1.557,-1.625,-1.530,0.000,180,0.094,0.001,0
"2017-02-25T22:30:00Z","2017-02-25T23:00:00Z",-1.579,-1.615,-1.536,0.000,180,0.094,0.001,0
"2017-02-25T23:00:00Z","2017-02-25T23:30:00Z",-1.628,-1.667,-1.591,0.000,180,0.095,0.001,0
"2017-02-25T23:30:00Z","2017-02-26T00:00:00Z",-1.667,-1.698,-1.634,0.000,180,0.095,0.001,0
"2017-02-26T00:00:00Z","2017-02-26T00:30:00Z",-1.697,-1.732,-1.667,0.000,180,0.096,0.001,0
"2017-02-26T00:30:00Z","2017-02-26T01:00:00Z",-1.715,-1.744,-1.692,0.000,102,0.096,0.001,1
"2017-02-26T01:00:00Z","2017-02-26T01:30:00Z",-1.687,-1.831,-1.602,0.004,155,0.096,0.005,1
"2017-02-26T01:30:00Z","2017-02-26T02:00:00Z",-1.624,-1.672,-1.592,0.000,180,0.094,0.001,0
"2017-02-26T02:00:00Z","2017-02-26T02:30:00Z",-1.668,-1.718,-1.629,0.000,180,0.095,0.001,0
"2017-02-26T02:30:00Z","2017-02-26T03:00:00Z",-1.708,-1.748,-1.678,0.000,180,0.096,0.001,0
"2017-02-26T03:00:00Z","2017-02-26T03:30:00Z",-1.740,-1.776,-1.702,0.000,180,0.096,0.001,0
"2017-02-26T03:30:00Z","2017-02-26T04:00:00Z",-1.763,-1.803,-1.736,0.000,180,0.097,0.001,0
"2017-02-26T04:00:00Z","2017-02-26T04:30:00Z",-1.799,-1.870,-1.729,0.002,77,0.097,0.005,1
"2017-02-26T04:30:00Z","2017-02-26T05:00:00Z",-1.673,-1.754,-1.635,0.001,180,0.095,0.002,0
"2017-02-26T05:00:00Z","2017-02-26T05:30:00Z",-1.690,-1.729,-1.644,0.000,180,0.095,0.001,0
"2017-02-26T05:30:00Z","2017-02-26T06:00:00Z",-1.733,-1.769,-1.699,0.000,180,0.096,0.001,0
"2017-02-26T06:00:00Z","2017-02-26T06:30:00Z",-1.764,-1.796,-1.735,0.000,180,0.096,0.001,0
"2017-02-26T06:30:00Z","2017-02-26T07:00:00Z",-1.787,-1.815,-1.757,0.000,180,0.097,0.001,0
"2017-02-26T07:00:00Z","2017-02-26T07:30:00Z",-1.799,-1.830,-1.775,0.000,102,0.097,0.001,1
"2017-02-26T07:30:00Z","2017-02-26T08:00:00Z",-1.759,-1.903,-1.665,0.004,155,0.097,0.005,1
"2017-02-26T08:00:00Z","2017-02-26T08:30:00Z",-1.688,-1.726,-1.656,0.000,180,0.095,0.001,0
"2017-02-26T08:30:00Z","2017-02-26T09:00:00Z",-1.728,-1.769,-1.690,0.000,180,0.096,0.001,0
"2017-02-26T09:00:00Z","2017-02-26T09:30:00Z",-1.765,-1.802,-1.726,0.000,180,0.096,0.001,0
"2017-02-26T09:30:00Z","2017-02-26T10:00:00Z",-1.788,-1.821,-1.751,0.000,180,0.097,0.001,0
"2017-02-26T10:00:00Z","2017-02-26T10:30:00Z",-1.803,-1.830,-1.778,0.000,180,0.097,0.001,0
"2017-02-26T10:30:00Z","2017-02-26T11:00:00Z",-1.827,-1.898,-1.742,0.002,77,0.098,0.005,1
"2017-02-26T11:00:00Z","2017-02-26T11:30:00Z",-1.704,-1.788,-1.657,0.000,180,0.095,0.002,0
"2017-02-26T11:30:00Z","2017-02-26T12:00:00Z",-1.718,-1.761,-1.676,0.000,180,0.096,0.001,0
"2017-02-26T12:00:00Z","2017-02-26T12:30:00Z",-1.759,-1.794,-1.724,0.000,180,0.096,0.001,0
"2017-02-26T12:30:00Z","2017-02-26T13:00:00Z",-1.786,-1.818,-1.755,0.000,180,0.097,0.001,0
"2017-02-26T13:00:00Z","2017-02-26T13:30:00Z",-1.806,-1.834,-1.767,0.000,180,0.097,0.001,0
"2017-02-26T13:30:00Z","2017-02-26T14:00:00Z",-1.817,-1.846,-1.791,0.000,102,0.097,0.001,1
"2017-02-26T14:00:00Z","2017-02-26T14:30:00Z",-1.770,-1.914,-1.674,0.005,155,0.097,0.006,1
"2017-02-26T14:30:00Z","2017-02-26T15:00:00Z",-1.707,-1.750,-1.671,0.000,180,0.095,0.001,0
"2017-02-26T15:00:00Z","2017-02-26T15:30:00Z",-1.751,-1.805,-1.711,0.000,180,0.096,0.001,0
"2017-02-26T15:30:00Z","2017-02-26T16:00:00Z",-1.786,-1.832,-1.753,0.000,180,0.097,0.001,0
"2017-02-26T16:00:00Z","2017-02-26T16:30:00Z",-1.807,-1.835,-1.774,0.000,180,0.097,0.001,0
"2017-02-26T16:30:00Z","2017-02-26T17:00:00Z",-1.820,-1.841,-1.787,0.000,180,0.097,0.001,0
"2017-02-26T17:00:00Z","2017-02-26T17:30:00Z",-1.839,-1.916,-1.755,0.002,77,0.098,0.005,1
"2017-02-26T17:30:00Z","2017-02-26T18:00:00Z",-1.717,-1.779,-1.688,0.000,180,0.095,0.001,0
"2017-02-26T18:00:00Z","2017-02-26T18:30:00Z",-1.737,-1.824,-1.639,0.001,180,0.096,0.002,0
"2017-02-26T18:30:00Z","2017-02-26T19:00:00Z",-1.772,-1.800,-1.742,0.000,180,0.096,0.001,0
"2017-02-26T19:00:00Z","2017-02-26T19:30:00Z",-1.797,-1.818,-1.773,0.000,180,0.097,0.001,0
"2017-02-26T19:30:00Z","2017-02-26T20:00:00Z",-1.809,-1.843,-1.779,0.000,180,0.097,0.001,0
"2017-02-26T20:00:00Z","2017-02-26T20:30:00Z",-1.828,-1.846,-1.809,0.000,102,0.097,0.001,1
"2017-02-26T20:30:00Z","2017-02-26T21:00:00Z",-1.770,-1.902,-1.680,0.004,155,0.097,0.005,1
"2017-02-26T21:00:00Z","2017-02-26T21:30:00Z",-1.720,-1.774,-1.683,0.000,180,0.095,0.001,0
"2017-02-26T21:30:00Z","2017-02-26T22:00:00Z",-1.756,-1.784,-1.723,0.000,180,0.096,0.001,0
"2017-02-26T22:00:00Z","2017-02-26T22:30:00Z",-1.787,-1.814,-1.762,0.000,180,0.096,0.001,0
"2017-02-26T22:30:00Z","2017-02-26T23:00:00Z",-1.806,-1.862,-1.735,0.000,180,0.097,0.001,0
"2017-02-26T23:00:00Z","2017-02-26T23:30:00Z",-1.819,-1.884,-1.735,0.000,180,0.097,0.001,0
"2017-02-26T23:30:00Z","2017-02-27T00:00:00Z",-1.840,-1.916,-1.773,0.002,77,0.098,0.004,1
"2017-02-27T00:00:00Z","2017-02-27T00:30:00Z",-1.715,-1.776,-1.682,0.000,180,0.095,0.001,0
"2017-02-27T00:30:00Z","2017-02-27T01:00:00Z",-1.732,-1.776,-1.701,0.000,180,0.096,0.001,0
"2017-02-27T01:00:00Z","2017-02-27T01:30:00Z",-1.774,-1.816,-1.740,0.000,180,0.096,0.001,0
"2017-02-27T01:30:00Z","2017-02-27T02:00:00Z",-1.800,-1.834,-1.767,0.000,180,0.097,0.001,0
"2017-02-27T02:00:00Z","2017-02-27T02:30:00Z",-1.815,-1.843,-1.779,0.000,180,0.097,0.001,0
"2017-02-27T02:30:00Z","2017-02-27T03:00:00Z",-1.823,-1.849,-1.798,0.000,102,0.097,0.001,1
"2017-02-27T03:00:00Z","2017-02-27T03:30:00Z",-1.773,-1.915,-1.679,0.004,155,0.097,0.005,1
"2017-02-27T03:30:00Z","2017-02-27T04:00:00Z",-1.713,-1.748,-1.676,0.000,180,0.095,0.001,0
"2017-02-27T04:00:00Z","2017-02-27T04:30:00Z",-1.757,-1.806,-1.712,0.000,180,0.096,0.001,0
"2017-02-27T04:30:00Z","2017-02-27T05:00:00Z",-1.790,-1.827,-1.757,0.000,180,0.096,0.001,0
"2017-02-27T05:00:00Z","2017-02-27T05:30:00Z",-1.809,-1.833,-1.763,0.000,180,0.097,0.001,0
"2017-02-27T05:30:00Z","2017-02-27T06:00:00Z",-1.821,-1.845,-1.791,0.000,180,0.097,0.001,0
"2017-02-27T06:00:00Z","2017-02-27T06:30:00Z",-1.831,-1.902,-1.748,0.002,77,0.097,0.004,1
"2017-02-27T06:30:00Z","2017-02-27T07:00:00Z",-1.713,-1.775,-1.675,0.000,180,0.095,0.002,0
"2017-02-27T07:00:00Z","2017-02-27T07:30:00Z",-1.731,-1.775,-1.681,0.000,180,0.095,0.001,0
"2017-02-27T07:30:00Z","2017-02-27T08:00:00Z",-1.774,-1.817,-1.723,0.000,180,0.096,0.001,0
"2017-02-27T08:00:00Z","2017-02-27T08:30:00Z",-1.805,-1.842,-1.769,0.000,180,0.097,0.001,0
"2017-02-27T08:30:00Z","2017-02-27T09:00:00Z",-1.816,-1.851,-1.787,0.000,180,0.097,0.001,0
"2017-02-27T09:00:00Z","2017-02-27T09:30:00Z",-1.821,-1.848,-1.799,0.000,102,0.097,0.001,1
"2017-02-27T09:30:00Z","2017-02-27T10:00:00Z",-1.764,-1.904,-1.686,0.004,155,0.096,0.005,1
"2017-02-27T10:00:00Z","2017-02-27T10:30:00Z",-1.708,-1.744,-1.677,0.000,180,0.095,0.001,0
"2017-02-27T10:30:00Z","2017-02-27T11:00:00Z",-1.752,-1.789,-1.716,0.000,180,0.096,0.001,0
"2017-02-27T11:00:00Z","2017-02-27T11:30:00Z",-1.786,-1.810,-1.762,0.000,180,0.096,0.001,0
"2017-02-27T11:30:00Z","2017-02-27T12:00:00Z",-1.802,-1.825,-1.777,0.000,180,0.097,0.001,0
"2017-02-27T12:00:00Z","2017-02-27T12:30:00Z",-1.810,-1.831,-1.792,0.000,180,0.097,0.001,0
"2017-02-27T12:30:00Z","2017-02-27T13:00:00Z",-1.818,-1.891,-1.746,0.001,77,0.097,0.004,1
"2017-02-27T13:00:00Z","2017-02-27T13:30:00Z",-1.700,-1.758,-1.667,0.000,180,0.095,0.001,0
"2017-02-27T13:30:00Z","2017-02-27T14:00:00Z",-1.726,-1.770,-1.685,0.000,180,0.095,0.001,0
"2017-02-27T14:00:00Z","2017-02-27T14:30:00Z",-1.769,-1.806,-1.734,0.000,180,0.096,0.001,0
"2017-02-27T14:30:00Z","2017-02-27T15:00:00Z",-1.794,-1.830,-1.749,0.000,180,0.096,0.001,0
"2017-02-27T15:00:00Z","2017-02-27T15:30:00Z",-1.805,-1.852,-1.746,0.000,180,0.097,0.001,0
"2017-02-27T15:30:00Z","2017-02-27T16:00:00Z",-1.807,-1.830,-1.788,0.000,102,0.097,0.001,1
"2017-02-27T16:00:00Z","2017-02-27T16:30:00Z",-1.752,-1.875,-1.670,0.004,155,0.096,0.005,1
"2017-02-27T16:30:00Z","2017-02-27T17:00:00Z",-1.700,-1.745,-1.673,0.000,180,0.095,0.001,0
"2017-02-27T17:00:00Z","2017-02-27T17:30:00Z",-1.748,-1.782,-1.709,0.000,180,0.096,0.001,0
"2017-02-27T17:30:00Z","2017-02-27T18:00:00Z",-1.778,-1.806,-1.742,0.000,180,0.096,0.001,0
"2017-02-27T18:00:00Z","2017-02-27T18:30:00Z",-1.794,-1.827,-1.766,0.000,180,0.096,0.001,0
"2017-02-27T18:30:00Z","2017-02-27T19:00:00Z",-1.798,-1.830,-1.766,0.000,180,0.096,0.001,0
"2017-02-27T19:00:00Z","2017-02-27T19:30:00Z",-1.801,-1.871,-1.735,0.001,77,0.097,0.004,1
"2017-02-27T19:30:00Z","2017-02-27T20:00:00Z",-1.686,-1.750,-1.654,0.000,180,0.095,0.001,0
"2017-02-27T20:00:00Z","2017-02-27T20:30:00Z",-1.713,-1.756,-1.672,0.000,180,0.095,0.001,0
"2017-02-27T20:30:00Z","2017-02-27T21:00:00Z",-1.755,-1.790,-1.723,0.000,180,0.096,0.001,0
"2017-02-27T21:00:00Z","2017-02-27T21:30:00Z",-1.777,-1.811,-1.753,0.000,180,0.096,0.001,0
"2017-02-27T21:30:00Z","2017-02-27T22:00:00Z",-1.786,-1.820,-1.766,0.000,180,0.096,0.001,0
"2017-02-27T22:00:00Z","2017-02-27T22:30:00Z",-1.788,-1.811,-1.772,0.000,102,0.096,0.001,1
"2017-02-27T22:30:00Z","2017-02-27T23:00:00Z",-1.728,-1.844,-1.654,0.003,155,0.096,0.005,1
"2017-02-27T23:00:00Z","2017-02-27T23:30:00Z",-1.682,-1.717,-1.645,0.000,180,0.095,0.001,0
"2017-02-27T23:30:00Z","2017-02-28T00:00:00Z",-1.727,-1.765,-1.693,0.000,180,0.095,0.001,0
"2017-02-28T00:00:00Z","2017-02-28T00:30:00Z",-1.755,-1.784,-1.726,0.000,180,0.096,0.001,0
"2017-02-28T00:30:00Z","2017-02-28T01:00:00Z",-1.770,-1.799,-1.747,0.000,180,0.096,0.001,0
"2017-02-28T01:00:00Z","2017-02-28T01:30:00Z",-1.777,-1.802,-1.750,0.000,180,0.096,0.001,0
"2017-02-28T01:30:00Z","2017-02-28T02:00:00Z",-1.776,-1.838,-1.711,0.001,77,0.096,0.004,1
"2017-02-28T02:00:00Z","2017-02-28T02:30:00Z",-1.663,-1.714,-1.632,0.000,180,0.094,0.001,0
"2017-02-28T02:30:00Z","2017-02-28T03:00:00Z",-1.693,-1.738,-1.653,0.000,180,0.095,0.001,0
"2017-02-28T03:00:00Z","2017-02-28T03:30:00Z",-1.731,-1.768,-1.696,0.000,180,0.095,0.001,0
"2017-02-28T03:30:00Z","2017-02-28T04:00:00Z",-1.751,-1.780,-1.723,0.000,180,0.096,0.001,0
"2017-02-28T04:00:00Z","2017-02-28T04:30:00Z",-1.760,-1.786,-1.735,0.000,180,0.096,0.001,0
"2017-02-28T04:30:00Z","2017-02-28T05:00:00Z",-1.762,-1.792,-1.741,0.000,102,0.096,0.001,1
"2017-02-28T05:00:00Z","2017-02-28T05:30:00Z",-1.696,-1.819,-1.611,0.004,155,0.095,0.005,1
"2017-02-28T05:30:00Z","2017-02-28T06:00:00Z",-1.653,-1.744,-1.583,0.000,180,0.094,0.002,0
"2017-02-28T06:00:00Z","2017-02-28T06:30:00Z",-1.699,-1.731,-1.662,0.000,180,0.095,0.001,0
"2017-02-28T06:30:00Z","2017-02-28T07:00:00Z",-1.726,-1.753,-1.704,0.000,180,0.095,0.001,0
"2017-02-28T07:00:00Z","2017-02-28T07:30:00Z",-1.741,-1.771,-1.716,0.000,180,0.095,0.001,0
"2017-02-28T07:30:00Z","2017-02-28T08:00:00Z",-1.746,-1.774,-1.725,0.000,180,0.096,0.001,0
"2017-02-28T08:00:00Z","2017-02-28T08:30:00Z",-1.738,-1.794,-1.665,0.001,77,0.096,0.004,1
"2017-02-28T08:30:00Z","2017-02-28T09:00:00Z",-1.632,-1.680,-1.604,0.000,180,0.094,0.001,0
"2017-02-28T09:00:00Z","2017-02-28T09:30:00Z",-1.660,-1.701,-1.625,0.000,180,0.094,0.001,0
"2017-02-28T09:30:00Z","2017-02-28T10:00:00Z",-1.700,-1.737,-1.668,0.000,180,0.095,0.001,0
"2017-02-28T10:00:00Z","2017-02-28T10:30:00Z",-1.721,-1.752,-1.701,0.000,180,0.095,0.001,0
"2017-02-28T10:30:00Z","2017-02-28T11:00:00Z",-1.726,-1.758,-1.707,0.000,180,0.095,0.001,0
"2017-02-28T11:00:00Z","2017-02-28T11:30:00Z",-1.729,-1.755,-1.710,0.000,102,0.095,0.001,1
"2017-02-28T11:30:00Z","2017-02-28T12:00:00Z",-1.664,-1.780,-1.592,0.003,155,0.095,0.004,1
"2017-02-28T12:00:00Z","2017-02-28T12:30:00Z",-1.623,-1.668,-1.592,0.000,180,0.094,0.001,0
"2017-02-28T12:30:00Z","2017-02-28T13:00:00Z",-1.670,-1.707,-1.635,0.000,180,0.094,0.001,0
"2017-02-28T13:00:00Z","2017-02-28T13:30:00Z",-1.699,-1.734,-1.674,0.000,180,0.095,0.001,0
"2017-02-28T13:30:00Z","2017-02-28T14:00:00Z",-1.711,-1.740,-1.692,0.000,180,0.095,0.001,0
"2017-02-28T14:00:00Z","2017-02-28T14:30:00Z",-1.712,-1.737,-1.692,0.000,180,0.095,0.001,0
"2017-02-28T14:30:00Z","2017-02-28T15:00:00Z",-1.707,-1.792,-1.632,0.001,77,0.095,0.004,1
"2017-02-28T15:00:00Z","2017-02-28T15:30:00Z",-1.602,-1.653,-1.571,0.000,180,0.093,0.001,0
"2017-02-28T15:30:00Z","2017-02-28T16:00:00Z",-1.633,-1.677,-1.592,0.000,180,0.094,0.001,0
"2017-02-28T16:00:00Z","2017-02-28T16:30:00Z",-1.676,-1.768,-1.607,0.001,180,0.094,0.002,0
"2017-02-28T16:30:00Z","2017-02-28T17:00:00Z",-1.694,-1.722,-1.671,0.000,180,0.095,0.001,0
"2017-02-28T17:00:00Z","2017-02-28T17:30:00Z",-1.700,-1.725,-1.683,0.000,180,0.095,0.001,0
"2017-02-28T17:30:00Z","2017-02-28T18:00:00Z",-1.704,-1.728,-1.686,0.000,102,0.095,0.001,1
"2017-02-28T18:00:00Z","2017-02-28T18:30:00Z",-1.636,-1.746,-1.556,0.003,155,0.094,0.004,1
"2017-02-28T18:30:00Z","2017-02-28T19:00:00Z",-1.595,-1.628,-1.559,0.000,180,0.093,0.001,0
"2017-02-28T19:00:00Z","2017-02-28T19:30:00Z",-1.644,-1.689,-1.607,0.000,180,0.094,0.001,0
"2017-02-28T19:30:00Z","2017-02-28T20:00:00Z",-1.674,-1.707,-1.643,0.000,180,0.094,0.001,0
"2017-02-28T20:00:00Z","2017-02-28T20:30:00Z",-1.688,-1.719,-1.662,0.000,180,0.095,0.001,0
"2017-02-28T20:30:00Z","2017-02-28T21:00:00Z",-1.688,-1.710,-1.665,0.000,180,0.095,0.001,0
"2017-02-28T21:00:00Z","2017-02-28T21:30:00Z",-1.679,-1.731,-1.610,0.001,77,0.095,0.003,1
"2017-02-28T21:30:00Z","2017-02-28T22:00:00Z",-1.581,-1.668,-1.492,0.001,180,0.093,0.002,0
"2017-02-28T22:00:00Z","2017-02-28T22:30:00Z",-1.607,-1.649,-1.520,0.000,180,0.093,0.001,0
"2017-02-28T22:30:00Z","2017-02-28T23:00:00Z",-1.647,-1.683,-1.616,0.000,180,0.094,0.001,0
"2017-02-28T23:00:00Z","2017-02-28T23:30:00Z",-1.667,-1.698,-1.646,0.000,180,0.094,0.001,0
"2017-02-28T23:30:00Z","2017-03-01T00:00:00Z",-1.679,-1.704,-1.655,0.000,180,0.094,0.001,0
